Phase,FPS_Inst,Latence_ms,Temp_C,Power_Soft_W,Power_Manual_W
TEST,1.8,543.14,55.5,0,5.57
TEST,1.9,525.0,56.5,0,5.57
TEST,2.0,501.94,57.5,0,5.57
TEST,2.0,496.52,57.5,0,5.57
TEST,2.0,498.71,57.0,0,5.57
TEST,2.0,496.69,58.9,0,5.57
TEST,2.0,497.35,59.4,0,5.57
TEST,2.0,497.77,59.9,0,5.57
TEST,2.0,497.71,58.9,0,5.57
TEST,2.0,497.71,59.9,0,5.57
TEST,2.0,498.17,58.9,0,5.57
TEST,2.0,496.88,61.3,0,5.57
TEST,2.0,497.8,60.4,0,5.57
TEST,2.0,498.16,60.4,0,5.57
TEST,2.0,497.55,61.3,0,5.57
TEST,2.0,498.06,61.3,0,5.57
TEST,2.0,498.62,61.8,0,5.57
TEST,2.0,496.46,62.3,0,5.57
TEST,2.0,497.13,60.9,0,5.57
TEST,2.0,495.54,61.8,0,5.57
TEST,2.0,506.26,61.3,0,5.57
TEST,2.0,496.08,63.3,0,5.57
TEST,2.0,497.53,61.8,0,5.57
TEST,2.0,496.57,62.3,0,5.57
TEST,2.0,497.49,63.3,0,5.57
TEST,2.0,496.19,62.8,0,5.57
TEST,2.0,498.31,62.8,0,5.57
TEST,2.0,497.83,64.3,0,5.57
TEST,2.0,499.33,63.3,0,5.57
TEST,2.0,497.1,62.8,0,5.57
TEST,2.0,498.49,63.8,0,5.57
TEST,2.0,496.14,64.8,0,5.57
TEST,2.0,496.86,64.8,0,5.57
TEST,2.0,497.03,63.3,0,5.57
TEST,2.0,497.96,64.3,0,5.57
TEST,2.0,498.66,64.3,0,5.57
TEST,2.0,499.05,63.3,0,5.57
TEST,2.0,497.61,63.3,0,5.57
TEST,2.0,497.1,64.3,0,5.57
TEST,2.0,496.8,63.8,0,5.57
TEST,2.0,498.37,64.3,0,5.57
TEST,2.0,497.96,65.2,0,5.57
TEST,2.0,497.27,64.8,0,5.57
TEST,2.0,496.83,65.7,0,5.57
TEST,2.0,498.56,64.8,0,5.57
TEST,2.0,495.29,65.2,0,5.57
TEST,2.0,496.44,65.7,0,5.57
TEST,2.0,496.57,64.3,0,5.57
TEST,2.0,497.72,65.2,0,5.57
TEST,2.0,497.02,65.2,0,5.57
TEST,2.0,497.74,66.2,0,5.57
TEST,2.0,496.74,65.7,0,5.57
TEST,2.0,498.04,66.2,0,5.57
TEST,2.0,496.93,66.2,0,5.57
TEST,2.0,497.98,67.2,0,5.57
TEST,2.0,497.09,65.2,0,5.57
TEST,2.0,497.57,65.7,0,5.57
TEST,2.0,496.96,65.2,0,5.57
TEST,2.0,496.91,66.7,0,5.57
TEST,2.0,497.02,65.7,0,5.57
TEST,2.0,498.49,67.2,0,5.57
TEST,2.0,500.32,66.7,0,5.57
TEST,2.0,502.01,67.2,0,5.57
TEST,2.0,501.0,66.2,0,5.57
TEST,2.0,502.05,67.2,0,5.57
TEST,2.0,501.58,67.7,0,5.57
TEST,2.0,500.94,67.2,0,5.57
TEST,2.0,500.89,66.2,0,5.57
TEST,2.0,500.87,67.7,0,5.57
TEST,2.0,500.5,67.2,0,5.57
TEST,2.0,501.63,66.7,0,5.57
TEST,2.0,499.45,66.7,0,5.57
TEST,2.0,501.42,68.2,0,5.57
TEST,2.0,500.49,68.7,0,5.57
TEST,2.0,502.41,68.2,0,5.57
TEST,2.0,499.78,69.1,0,5.57
TEST,2.0,501.1,68.2,0,5.57
TEST,2.0,501.36,67.7,0,5.57
TEST,2.0,501.31,67.2,0,5.57
TEST,2.0,499.39,68.2,0,5.57
TEST,2.0,500.83,68.7,0,5.57
TEST,2.0,500.96,68.2,0,5.57
TEST,2.0,501.53,68.7,0,5.57
TEST,2.0,501.23,68.2,0,5.57
TEST,2.0,500.94,68.2,0,5.57
TEST,2.0,499.52,68.7,0,5.57
TEST,2.0,501.24,68.7,0,5.57
TEST,2.0,500.25,69.6,0,5.57
TEST,2.0,501.6,68.2,0,5.57
TEST,2.0,507.15,68.7,0,5.57
TEST,2.0,502.5,69.1,0,5.57
TEST,2.0,500.5,69.6,0,5.57
TEST,2.0,501.22,69.1,0,5.57
TEST,2.0,499.68,69.1,0,5.57
TEST,2.0,502.8,70.1,0,5.57
TEST,2.0,500.59,69.6,0,5.57
TEST,2.0,502.34,69.6,0,5.57
TEST,2.0,500.93,68.7,0,5.57
TEST,2.0,500.06,69.6,0,5.57
TEST,2.0,500.17,69.6,0,5.57
TEST,2.0,500.79,70.1,0,5.57
TEST,2.0,501.1,70.1,0,5.57
TEST,2.0,502.5,70.1,0,5.57
TEST,2.0,500.82,70.1,0,5.57
TEST,2.0,501.87,70.6,0,5.57
TEST,2.0,500.67,70.6,0,5.57
TEST,2.0,501.49,71.1,0,5.57
TEST,2.0,501.55,70.6,0,5.57
TEST,2.0,502.0,70.1,0,5.57
TEST,2.0,500.22,71.1,0,5.57
TEST,2.0,501.2,70.1,0,5.57
TEST,2.0,501.79,71.1,0,5.57
TEST,2.0,501.87,70.1,0,5.57
TEST,2.0,500.93,71.1,0,5.57
TEST,2.0,503.45,70.1,0,5.57
TEST,2.0,500.98,71.1,0,5.57
TEST,2.0,501.38,70.6,0,5.57
TEST,2.0,500.52,71.6,0,5.57
TEST,2.0,500.62,70.6,0,5.57
TEST,2.0,500.69,71.6,0,5.57
TEST,2.0,502.29,70.6,0,5.57
TEST,2.0,500.89,71.6,0,5.57
TEST,2.0,499.98,71.6,0,5.57
TEST,2.0,501.22,71.1,0,5.57
TEST,2.0,501.05,71.1,0,5.57
TEST,2.0,499.32,71.6,0,5.57
TEST,2.0,501.34,71.1,0,5.57
TEST,2.0,501.14,72.1,0,5.57
TEST,2.0,501.83,71.1,0,5.57
TEST,2.0,500.24,72.1,0,5.57
TEST,2.0,500.7,71.6,0,5.57
TEST,2.0,500.96,71.1,0,5.57
TEST,2.0,501.38,73.0,0,5.57
TEST,2.0,500.57,71.6,0,5.57
TEST,2.0,502.78,71.6,0,5.57
TEST,2.0,500.88,72.1,0,5.57
TEST,2.0,502.14,72.1,0,5.57
TEST,2.0,500.83,72.1,0,5.57
TEST,2.0,501.14,72.1,0,5.57
TEST,2.0,500.25,72.5,0,5.57
TEST,2.0,501.44,72.1,0,5.57
TEST,2.0,500.96,73.0,0,5.57
TEST,2.0,500.61,73.5,0,5.57
TEST,2.0,499.72,72.5,0,5.57
TEST,2.0,501.87,72.1,0,5.57
TEST,2.0,501.01,72.5,0,5.57
TEST,2.0,500.93,72.5,0,5.57
TEST,2.0,501.19,73.0,0,5.57
TEST,2.0,501.7,73.0,0,5.57
TEST,2.0,500.84,73.5,0,5.57
TEST,2.0,500.53,73.5,0,5.57
TEST,2.0,500.84,73.0,0,5.57
TEST,2.0,501.59,72.5,0,5.57
TEST,2.0,499.89,72.5,0,5.57
TEST,2.0,501.28,74.0,0,5.57
TEST,2.0,500.44,73.0,0,5.57
TEST,2.0,501.4,73.0,0,5.57
TEST,2.0,500.37,74.0,0,5.57
TEST,2.0,500.83,73.5,0,5.57
TEST,2.0,500.6,73.5,0,5.57
TEST,2.0,501.47,74.0,0,5.57
TEST,2.0,498.22,73.5,0,5.57
TEST,2.0,501.87,74.0,0,5.57
TEST,2.0,500.56,73.0,0,5.57
TEST,2.0,501.52,74.0,0,5.57
TEST,2.0,501.14,73.5,0,5.57
TEST,2.0,501.57,74.0,0,5.57
TEST,2.0,500.5,73.5,0,5.57
TEST,2.0,501.15,75.0,0,5.57
TEST,2.0,500.86,74.5,0,5.57
TEST,2.0,500.91,74.5,0,5.57
TEST,2.0,501.48,74.0,0,5.57
TEST,2.0,500.63,74.5,0,5.57
TEST,2.0,501.82,74.5,0,5.57
TEST,2.0,502.2,74.5,0,5.57
TEST,2.0,499.66,74.0,0,5.57
TEST,2.0,502.58,74.5,0,5.57
TEST,2.0,500.18,74.0,0,5.57
TEST,2.0,501.23,74.5,0,5.57
TEST,2.0,499.6,74.0,0,5.57
TEST,2.0,504.5,75.0,0,5.57
TEST,2.0,504.06,74.5,0,5.57
TEST,2.0,505.87,75.0,0,5.57
TEST,2.0,501.77,74.5,0,5.57
TEST,2.0,500.97,73.5,0,5.57
TEST,2.0,500.75,74.5,0,5.57
TEST,2.0,501.79,75.0,0,5.57
TEST,2.0,498.27,75.0,0,5.57
TEST,2.0,502.11,75.5,0,5.57
TEST,2.0,500.27,75.5,0,5.57
TEST,2.0,501.99,75.0,0,5.57
TEST,2.0,499.78,76.0,0,5.57
TEST,2.0,501.83,75.0,0,5.57
TEST,2.0,501.98,74.5,0,5.57
TEST,2.0,501.34,75.0,0,5.57
TEST,2.0,500.86,76.0,0,5.57
TEST,2.0,501.4,75.0,0,5.57
TEST,2.0,500.15,75.0,0,5.57
TEST,2.0,502.43,76.0,0,5.57
TEST,2.0,500.9,75.0,0,5.57
TEST,2.0,501.05,76.0,0,5.57
TEST,2.0,499.83,75.5,0,5.57
TEST,2.0,500.3,76.0,0,5.57
TEST,2.0,500.85,75.0,0,5.57
TEST,2.0,500.64,75.5,0,5.57
TEST,2.0,499.46,75.5,0,5.57
TEST,2.0,500.97,76.0,0,5.57
TEST,2.0,501.18,76.4,0,5.57
TEST,2.0,501.61,76.0,0,5.57
TEST,2.0,500.03,76.4,0,5.57
TEST,2.0,502.33,76.4,0,5.57
TEST,2.0,500.2,76.0,0,5.57
TEST,2.0,501.95,75.5,0,5.57
TEST,2.0,501.25,75.5,0,5.57
TEST,2.0,500.07,75.5,0,5.57
TEST,2.0,501.56,76.0,0,5.57
TEST,2.0,500.27,76.0,0,5.57
TEST,2.0,499.78,76.4,0,5.57
TEST,2.0,501.9,76.9,0,5.57
TEST,2.0,500.81,76.9,0,5.57
TEST,2.0,501.8,75.5,0,5.57
TEST,2.0,499.49,76.4,0,5.57
TEST,2.0,500.81,76.4,0,5.57
TEST,2.0,500.72,76.9,0,5.57
TEST,2.0,502.08,76.0,0,5.57
TEST,2.0,499.59,76.4,0,5.57
TEST,2.0,501.58,77.4,0,5.57
TEST,2.0,500.8,76.9,0,5.57
TEST,2.0,501.28,76.0,0,5.57
TEST,2.0,500.86,76.4,0,5.57
TEST,2.0,501.86,76.9,0,5.57
TEST,2.0,500.88,75.5,0,5.57
TEST,2.0,501.72,76.4,0,5.57
TEST,2.0,500.63,76.4,0,5.57
TEST,2.0,500.76,77.9,0,5.57
TEST,2.0,500.65,76.9,0,5.57
TEST,2.0,501.32,76.9,0,5.57
TEST,2.0,499.96,77.4,0,5.57
TEST,2.0,500.98,76.0,0,5.57
TEST,2.0,501.17,76.9,0,5.57
TEST,2.0,502.1,76.4,0,5.57
TEST,2.0,502.23,76.4,0,5.57
TEST,2.0,501.8,76.4,0,5.57
TEST,2.0,499.57,77.4,0,5.57
TEST,2.0,502.44,76.9,0,5.57
TEST,2.0,499.92,77.4,0,5.57
TEST,2.0,501.8,76.4,0,5.57
TEST,2.0,499.48,76.4,0,5.57
TEST,2.0,500.6,76.9,0,5.57
TEST,2.0,500.77,76.9,0,5.57
TEST,2.0,502.02,76.9,0,5.57
TEST,2.0,500.98,76.4,0,5.57
TEST,2.0,502.77,76.9,0,5.57
TEST,2.0,500.36,77.4,0,5.57
TEST,2.0,500.98,78.4,0,5.57
TEST,2.0,500.6,78.9,0,5.57
TEST,2.0,501.37,76.9,0,5.57
TEST,2.0,500.6,77.9,0,5.57
TEST,2.0,501.12,78.9,0,5.57
TEST,2.0,500.63,76.9,0,5.57
TEST,2.0,501.17,76.9,0,5.57
TEST,2.0,499.55,77.9,0,5.57
TEST,2.0,502.9,77.9,0,5.57
TEST,2.0,500.11,78.4,0,5.57
TEST,2.0,502.19,77.9,0,5.57
TEST,2.0,500.44,77.9,0,5.57
TEST,2.0,500.8,77.9,0,5.57
TEST,2.0,505.65,77.4,0,5.57
TEST,2.0,499.9,78.9,0,5.57
TEST,2.0,500.2,77.4,0,5.57
TEST,2.0,502.26,77.9,0,5.57
TEST,2.0,500.34,78.4,0,5.57
TEST,2.0,502.77,78.4,0,5.57
TEST,2.0,500.56,77.9,0,5.57
TEST,2.0,501.76,77.4,0,5.57
TEST,2.0,500.54,77.4,0,5.57
TEST,2.0,501.53,77.9,0,5.57
TEST,2.0,500.44,76.9,0,5.57
TEST,2.0,501.73,77.9,0,5.57
TEST,2.0,501.27,77.9,0,5.57
TEST,2.0,500.65,78.4,0,5.57
TEST,2.0,500.0,77.4,0,5.57
TEST,2.0,502.31,78.4,0,5.57
TEST,2.0,500.55,77.4,0,5.57
TEST,2.0,502.06,78.4,0,5.57
TEST,2.0,501.3,78.4,0,5.57
TEST,2.0,501.04,78.4,0,5.57
TEST,2.0,500.48,77.4,0,5.57
TEST,2.0,500.64,78.4,0,5.57
TEST,2.0,499.74,78.4,0,5.57
TEST,2.0,501.51,77.9,0,5.57
TEST,2.0,501.6,77.4,0,5.57
TEST,2.0,500.82,78.4,0,5.57
TEST,2.0,500.69,78.4,0,5.57
TEST,2.0,501.65,78.4,0,5.57
TEST,2.0,500.58,78.9,0,5.57
TEST,2.0,501.12,78.4,0,5.57
TEST,2.0,500.78,79.4,0,5.57
TEST,2.0,501.24,78.4,0,5.57
TEST,2.0,501.01,77.9,0,5.57
TEST,2.0,501.6,78.4,0,5.57
TEST,2.0,501.11,78.4,0,5.57
TEST,2.0,501.75,77.9,0,5.57
TEST,2.0,500.6,78.9,0,5.57
TEST,2.0,501.31,79.4,0,5.57
TEST,2.0,500.78,78.9,0,5.57
TEST,2.0,502.17,78.9,0,5.57
TEST,2.0,499.46,77.9,0,5.57
TEST,2.0,500.79,79.4,0,5.57
TEST,2.0,500.21,80.3,0,5.57
TEST,2.0,501.32,77.9,0,5.57
TEST,2.0,501.56,79.4,0,5.57
TEST,2.0,500.95,78.4,0,5.57
TEST,2.0,501.81,78.9,0,5.57
TEST,2.0,502.73,79.4,0,5.57
TEST,2.0,499.95,78.9,0,5.57
TEST,2.0,499.85,79.4,0,5.57
TEST,2.0,499.45,78.4,0,5.57
TEST,2.0,501.39,78.4,0,5.57
TEST,2.0,500.51,79.4,0,5.57
TEST,2.0,500.81,79.4,0,5.57
TEST,2.0,500.99,79.9,0,5.57
TEST,2.0,501.21,78.9,0,5.57
TEST,2.0,500.3,79.4,0,5.57
TEST,2.0,500.93,78.9,0,5.57
TEST,2.0,501.27,79.4,0,5.57
TEST,2.0,501.84,78.9,0,5.57
TEST,2.0,500.1,79.4,0,5.57
TEST,2.0,500.78,79.9,0,5.57
TEST,2.0,500.18,79.4,0,5.57
TEST,2.0,502.01,79.4,0,5.57
TEST,2.0,502.36,79.9,0,5.57
TEST,2.0,500.92,79.4,0,5.57
TEST,2.0,500.81,79.9,0,5.57
TEST,2.0,501.03,79.9,0,5.57
TEST,2.0,500.2,78.9,0,5.57
TEST,2.0,501.47,79.9,0,5.57
TEST,2.0,501.18,79.4,0,5.57
TEST,2.0,501.78,78.9,0,5.57
TEST,2.0,500.0,78.9,0,5.57
TEST,2.0,500.65,79.4,0,5.57
TEST,2.0,500.3,79.9,0,5.57
TEST,2.0,501.77,79.9,0,5.57
TEST,2.0,500.39,79.4,0,5.57
TEST,2.0,501.54,79.9,0,5.57
TEST,2.0,500.79,80.3,0,5.57
TEST,2.0,501.98,79.4,0,5.57
TEST,2.0,500.44,79.4,0,5.57
TEST,2.0,500.57,80.3,0,5.57
TEST,2.0,501.65,79.4,0,5.57
TEST,2.0,501.2,79.9,0,5.57
TEST,2.0,502.45,79.4,0,5.57
TEST,2.0,501.61,80.8,0,5.57
TEST,2.0,500.57,80.8,0,5.57
TEST,2.0,501.42,79.9,0,5.57
TEST,2.0,500.01,79.4,0,5.57
TEST,2.0,501.46,80.3,0,5.57
TEST,2.0,500.15,80.3,0,5.57
TEST,2.0,500.98,80.3,0,5.57
TEST,2.0,500.65,79.4,0,5.57
TEST,2.0,501.68,79.9,0,5.57
TEST,2.0,499.88,80.3,0,5.57
TEST,2.0,501.88,79.9,0,5.57
TEST,2.0,499.73,79.9,0,5.57
TEST,2.0,502.82,80.8,0,5.57
TEST,2.0,500.49,79.9,0,5.57
TEST,2.0,499.84,79.9,0,5.57
TEST,2.0,500.53,80.3,0,5.57
TEST,2.0,500.92,79.9,0,5.57
TEST,2.0,501.5,80.3,0,5.57
TEST,2.0,502.91,80.3,0,5.57
TEST,2.0,500.7,80.8,0,5.57
TEST,2.0,501.41,79.9,0,5.57
TEST,2.0,501.01,80.3,0,5.57
TEST,2.0,501.55,79.9,0,5.57
TEST,2.0,500.87,80.3,0,5.57
TEST,2.0,500.44,79.9,0,5.57
TEST,2.0,500.57,80.8,0,5.57
TEST,2.0,501.34,80.8,0,5.57
TEST,2.0,503.8,80.8,0,5.57
TEST,2.0,500.03,81.3,0,5.57
TEST,2.0,500.79,80.8,0,5.57
TEST,2.0,501.66,79.9,0,5.57
TEST,2.0,499.82,81.3,0,5.57
TEST,2.0,505.46,80.8,0,5.57
TEST,2.0,510.09,81.8,0,5.57
TEST,2.0,501.56,81.3,0,5.57
TEST,2.0,500.03,80.8,0,5.57
TEST,2.0,501.56,79.4,0,5.57
TEST,2.0,499.97,81.3,0,5.57
TEST,2.0,502.33,80.8,0,5.57
TEST,2.0,501.14,81.3,0,5.57
TEST,2.0,500.97,81.8,0,5.57
TEST,2.0,501.05,81.3,0,5.57
TEST,2.0,501.05,79.9,0,5.57
TEST,2.0,501.04,81.3,0,5.57
TEST,2.0,504.94,81.8,0,5.57
TEST,2.0,500.42,80.3,0,5.57
TEST,2.0,502.28,80.8,0,5.57
TEST,2.0,499.85,81.8,0,5.57
TEST,2.0,501.81,80.3,0,5.57
TEST,2.0,499.24,81.3,0,5.57
TEST,2.0,504.73,80.8,0,5.57
TEST,2.0,500.01,81.8,0,5.57
TEST,2.0,501.62,80.3,0,5.57
TEST,2.0,501.46,81.8,0,5.57
TEST,2.0,504.81,80.8,0,5.57
TEST,2.0,504.69,80.8,0,5.57
TEST,2.0,504.35,81.3,0,5.57
TEST,2.0,501.92,81.8,0,5.57
TEST,2.0,511.1,81.3,0,5.57
TEST,2.0,502.14,81.3,0,5.57
TEST,2.0,501.19,81.3,0,5.57
TEST,2.0,500.92,81.3,0,5.57
TEST,2.0,504.62,80.8,0,5.57
TEST,2.0,500.55,81.3,0,5.57
TEST,2.0,504.58,81.3,0,5.57
TEST,2.0,507.89,81.3,0,5.57
TEST,2.0,502.06,82.3,0,5.57
TEST,2.0,507.87,81.8,0,5.57
TEST,1.9,514.69,82.3,0,5.57
TEST,2.0,504.94,81.8,0,5.57
TEST,2.0,500.22,80.8,0,5.57
TEST,2.0,506.52,81.3,0,5.57
TEST,2.0,505.34,82.3,0,5.57
TEST,2.0,503.23,82.8,0,5.57
TEST,2.0,508.2,81.8,0,5.57
TEST,2.0,509.61,81.3,0,5.57
TEST,2.0,504.22,81.8,0,5.57
TEST,2.0,506.47,82.3,0,5.57
TEST,2.0,502.75,81.3,0,5.57
TEST,2.0,506.28,81.3,0,5.57
TEST,2.0,509.72,81.3,0,5.57
TEST,2.0,505.01,82.8,0,5.57
TEST,2.0,511.85,81.8,0,5.57
TEST,2.0,510.93,81.8,0,5.57
TEST,2.0,504.33,81.3,0,5.57
TEST,2.0,499.42,81.8,0,5.57
TEST,2.0,503.87,82.3,0,5.57
TEST,2.0,511.32,80.8,0,5.57
TEST,2.0,506.19,82.3,0,5.57
TEST,2.0,505.53,81.8,0,5.57
TEST,2.0,507.29,81.8,0,5.57
TEST,2.0,500.14,81.8,0,5.57
TEST,2.0,505.37,81.3,0,5.57
TEST,2.0,505.62,82.3,0,5.57
TEST,2.0,507.6,82.3,0,5.57
TEST,2.0,507.11,81.8,0,5.57
TEST,2.0,503.39,82.3,0,5.57
TEST,1.9,516.47,81.8,0,5.57
TEST,2.0,506.41,83.3,0,5.57
TEST,2.0,500.62,82.3,0,5.57
TEST,2.0,511.72,82.3,0,5.57
TEST,2.0,509.08,82.8,0,5.57
TEST,1.9,514.11,82.3,0,5.57
TEST,2.0,512.66,83.3,0,5.57
TEST,2.0,509.93,81.8,0,5.57
TEST,2.0,512.31,81.3,0,5.57
TEST,2.0,507.02,82.3,0,5.57
TEST,1.9,516.51,81.8,0,5.57
TEST,2.0,510.16,81.8,0,5.57
TEST,2.0,503.34,82.8,0,5.57
TEST,2.0,511.03,82.8,0,5.57
TEST,2.0,509.63,82.3,0,5.57
TEST,2.0,508.48,81.8,0,5.57
TEST,1.9,518.11,82.8,0,5.57
TEST,2.0,512.6,81.8,0,5.57
TEST,2.0,511.53,82.3,0,5.57
TEST,2.0,507.28,82.3,0,5.57
TEST,2.0,509.5,81.8,0,5.57
TEST,1.9,515.64,82.3,0,5.57
TEST,2.0,508.71,82.8,0,5.57
TEST,1.9,518.71,81.8,0,5.57
TEST,1.9,513.31,80.8,0,5.57
TEST,2.0,504.35,83.8,0,5.57
TEST,2.0,512.53,81.3,0,5.57
TEST,2.0,510.57,81.8,0,5.57
TEST,1.9,513.05,82.3,0,5.57
TEST,1.9,514.75,82.8,0,5.57
TEST,1.9,514.48,82.8,0,5.57
TEST,2.0,506.59,81.8,0,5.57
TEST,1.9,517.21,82.8,0,5.57
TEST,1.9,519.48,82.8,0,5.57
TEST,2.0,504.56,83.3,0,5.57
TEST,1.9,517.12,81.8,0,5.57
TEST,2.0,512.51,82.3,0,5.57
TEST,2.0,507.83,81.8,0,5.57
TEST,2.0,506.6,82.8,0,5.57
TEST,1.9,514.92,81.8,0,5.57
TEST,1.9,514.83,82.3,0,5.57
TEST,1.9,517.25,82.8,0,5.57
TEST,1.9,519.48,82.3,0,5.57
TEST,1.9,516.18,81.8,0,5.57
TEST,2.0,506.22,82.8,0,5.57
TEST,1.9,520.93,83.3,0,5.57
TEST,1.9,519.11,82.3,0,5.57
TEST,2.0,511.99,82.3,0,5.57
TEST,1.9,518.76,83.3,0,5.57
TEST,2.0,512.52,81.8,0,5.57
TEST,1.9,517.83,81.8,0,5.57
TEST,1.9,515.39,82.8,0,5.57
TEST,1.9,523.82,81.8,0,5.57
TEST,2.0,511.43,82.8,0,5.57
TEST,2.0,508.35,81.8,0,5.57
TEST,2.0,512.24,81.3,0,5.57
TEST,2.0,512.17,82.3,0,5.57
TEST,2.0,509.19,81.8,0,5.57
TEST,1.9,520.73,82.3,0,5.57
TEST,1.9,516.2,81.8,0,5.57
TEST,2.0,511.31,82.3,0,5.57
TEST,1.9,518.8,82.8,0,5.57
TEST,1.9,516.45,82.3,0,5.57
TEST,1.9,519.77,82.8,0,5.57
TEST,1.9,515.66,82.8,0,5.57
TEST,1.9,520.07,82.3,0,5.57
TEST,1.9,514.25,82.8,0,5.57
TEST,1.9,522.54,82.3,0,5.57
TEST,1.9,515.04,82.3,0,5.57
TEST,1.9,520.39,81.8,0,5.57
TEST,1.9,513.38,82.3,0,5.57
TEST,2.0,506.03,82.8,0,5.57
TEST,1.9,514.7,82.8,0,5.57
TEST,1.9,518.87,83.3,0,5.57
TEST,1.9,520.93,82.3,0,5.57
TEST,1.9,514.84,81.8,0,5.57
TEST,2.0,509.42,82.8,0,5.57
TEST,1.9,524.33,82.3,0,5.57
TEST,1.9,517.08,81.8,0,5.57
TEST,1.9,517.06,82.3,0,5.57
TEST,1.9,522.96,82.3,0,5.57
TEST,1.9,518.01,82.8,0,5.57
TEST,1.9,514.85,82.3,0,5.57
TEST,1.9,527.57,81.3,0,5.57
TEST,1.9,515.32,81.8,0,5.57
TEST,1.9,519.42,82.3,0,5.57
TEST,1.9,515.02,82.3,0,5.57
TEST,1.9,516.27,83.3,0,5.57
TEST,1.9,512.91,82.3,0,5.57
TEST,1.9,520.22,82.8,0,5.57
TEST,1.9,526.58,82.8,0,5.57
TEST,1.9,517.18,82.8,0,5.57
TEST,1.9,515.2,82.8,0,5.57
TEST,2.0,509.94,82.3,0,5.57
TEST,1.9,518.34,82.8,0,5.57
TEST,1.9,525.43,82.3,0,5.57
TEST,2.0,512.46,82.8,0,5.57
TEST,1.9,527.63,82.8,0,5.57
TEST,1.9,514.95,82.8,0,5.57
TEST,1.9,527.45,82.8,0,5.57
TEST,1.9,527.79,82.8,0,5.57
TEST,1.9,521.99,82.8,0,5.57
TEST,1.9,515.83,83.3,0,5.57
TEST,1.9,527.38,82.8,0,5.57
TEST,1.9,518.11,82.8,0,5.57
TEST,1.9,519.41,81.8,0,5.57
TEST,1.9,515.33,82.3,0,5.57
TEST,1.9,521.21,82.3,0,5.57
TEST,1.9,521.29,82.8,0,5.57
TEST,1.9,521.89,83.3,0,5.57
TEST,1.9,515.99,83.3,0,5.57
TEST,1.9,522.53,81.8,0,5.57
TEST,1.9,530.01,83.3,0,5.57
TEST,1.9,527.19,82.3,0,5.57
TEST,1.9,523.92,80.8,0,5.57
TEST,1.9,518.04,82.8,0,5.57
TEST,1.9,521.25,81.8,0,5.57
TEST,1.9,524.38,82.8,0,5.57
TEST,1.9,518.35,83.8,0,5.57
TEST,1.9,520.48,83.3,0,5.57
TEST,1.9,515.84,83.3,0,5.57
TEST,1.9,518.86,83.3,0,5.57
TEST,1.9,518.9,81.8,0,5.57
TEST,1.9,515.18,82.3,0,5.57
TEST,1.9,519.87,83.3,0,5.57
TEST,1.9,526.84,82.3,0,5.57
TEST,1.9,526.22,83.3,0,5.57
TEST,1.9,518.92,82.3,0,5.57
TEST,1.9,513.46,82.8,0,5.57
TEST,1.9,537.97,82.3,0,5.57
TEST,2.0,512.68,82.8,0,5.57
TEST,1.9,521.58,83.3,0,5.57
TEST,1.9,518.99,83.8,0,5.57
TEST,1.9,532.69,82.8,0,5.57
TEST,1.9,524.75,82.8,0,5.57
TEST,1.9,526.48,82.8,0,5.57
TEST,1.9,522.58,82.8,0,5.57
TEST,1.9,523.9,82.8,0,5.57
TEST,1.9,520.05,81.8,0,5.57
TEST,1.9,528.36,82.3,0,5.57
TEST,1.9,527.46,82.8,0,5.57
TEST,1.9,528.72,82.8,0,5.57
TEST,1.9,524.68,82.8,0,5.57
TEST,1.9,531.4,83.3,0,5.57
TEST,1.9,525.64,83.3,0,5.57
TEST,1.9,527.01,82.3,0,5.57
TEST,1.9,526.52,81.8,0,5.57
TEST,1.9,523.58,82.8,0,5.57
TEST,1.9,513.64,83.8,0,5.57
TEST,1.9,523.23,83.3,0,5.57
TEST,1.9,528.32,82.3,0,5.57
TEST,1.9,524.36,82.3,0,5.57
TEST,1.9,516.78,83.3,0,5.57
TEST,1.9,535.71,82.3,0,5.57
TEST,1.9,521.93,83.3,0,5.57
TEST,1.9,524.92,82.8,0,5.57
TEST,1.9,528.89,81.8,0,5.57
TEST,1.9,515.58,83.3,0,5.57
TEST,1.9,525.69,83.3,0,5.57
TEST,1.9,530.65,83.8,0,5.57
TEST,1.9,530.95,83.3,0,5.57
TEST,1.9,526.42,83.3,0,5.57
TEST,1.9,534.54,82.8,0,5.57
TEST,1.9,529.31,83.3,0,5.57
TEST,1.9,523.82,82.3,0,5.57
TEST,1.9,526.25,82.3,0,5.57
TEST,1.9,522.19,83.3,0,5.57
TEST,1.9,523.59,82.8,0,5.57
TEST,1.9,530.91,82.3,0,5.57
TEST,1.9,521.54,83.8,0,5.57
TEST,1.9,527.33,82.8,0,5.57
TEST,1.9,530.23,81.8,0,5.57
TEST,1.9,536.14,83.3,0,5.57
TEST,1.9,519.43,82.3,0,5.57
TEST,1.9,516.31,82.8,0,5.57
TEST,1.9,527.7,82.8,0,5.57
TEST,1.9,533.62,82.3,0,5.57
TEST,1.9,525.78,82.3,0,5.57
TEST,1.9,534.65,82.8,0,5.57
TEST,1.9,522.76,81.3,0,5.57
TEST,1.9,531.12,82.3,0,5.57
TEST,1.9,530.03,82.8,0,5.57
TEST,1.9,521.98,82.8,0,5.57
TEST,1.9,519.65,82.3,0,5.57
TEST,1.9,524.83,83.3,0,5.57
TEST,1.9,523.33,82.8,0,5.57
TEST,1.9,522.54,82.8,0,5.57
TEST,1.9,535.51,82.8,0,5.57
TEST,1.9,532.62,83.3,0,5.57
TEST,1.9,534.47,82.3,0,5.57
TEST,1.9,533.25,82.3,0,5.57
TEST,1.9,534.4,83.3,0,5.57
TEST,1.9,533.11,83.3,0,5.57
TEST,1.9,526.88,82.8,0,5.57
TEST,1.9,525.27,82.8,0,5.57
TEST,1.9,528.63,83.3,0,5.57
TEST,1.9,528.94,82.8,0,5.57
TEST,1.9,526.19,83.3,0,5.57
TEST,1.9,532.7,82.3,0,5.57
TEST,1.9,530.72,82.3,0,5.57
TEST,1.9,524.45,83.8,0,5.57
TEST,1.9,533.43,83.3,0,5.57
TEST,1.9,539.36,82.8,0,5.57
TEST,1.9,533.39,82.8,0,5.57
TEST,1.9,522.11,83.8,0,5.57
TEST,1.9,539.37,83.3,0,5.57
TEST,1.9,522.41,82.3,0,5.57
TEST,1.9,524.92,83.3,0,5.57
TEST,1.9,532.37,82.8,0,5.57
TEST,1.8,541.25,82.3,0,5.57
TEST,1.9,529.71,82.8,0,5.57
TEST,1.9,535.56,83.3,0,5.57
TEST,1.9,515.89,82.8,0,5.57
TEST,1.9,524.13,83.3,0,5.57
TEST,1.9,535.07,83.3,0,5.57
TEST,1.9,529.76,81.8,0,5.57
TEST,1.9,532.92,83.8,0,5.57
TEST,1.9,527.31,82.8,0,5.57
TEST,1.9,535.74,83.3,0,5.57
TEST,1.9,531.03,82.3,0,5.57
TEST,1.9,526.32,82.8,0,5.57
TEST,1.9,536.14,82.8,0,5.57
TEST,1.9,531.63,83.3,0,5.57
TEST,1.9,536.6,82.3,0,5.57
TEST,1.9,528.08,82.8,0,5.57
TEST,1.9,537.06,83.3,0,5.57
TEST,1.9,523.21,83.3,0,5.57
TEST,1.9,529.67,82.8,0,5.57
TEST,1.9,529.77,82.8,0,5.57
TEST,1.9,529.28,82.8,0,5.57
TEST,1.9,526.9,83.8,0,5.57
TEST,1.9,527.79,83.3,0,5.57
TEST,1.9,527.45,82.3,0,5.57
TEST,1.9,538.32,83.3,0,5.57
TEST,1.9,519.75,82.3,0,5.57
TEST,1.9,528.65,83.3,0,5.57
TEST,1.9,529.51,82.3,0,5.57
TEST,1.9,528.64,82.3,0,5.57
TEST,1.9,528.96,82.3,0,5.57
TEST,1.9,530.9,83.3,0,5.57
TEST,1.9,536.5,83.3,0,5.57
TEST,1.9,535.36,82.3,0,5.57
TEST,1.9,526.67,82.8,0,5.57
TEST,1.9,523.98,83.3,0,5.57
TEST,1.9,536.9,83.8,0,5.57
TEST,1.9,530.58,82.3,0,5.57
TEST,1.9,523.58,82.8,0,5.57
TEST,1.9,532.91,83.3,0,5.57
TEST,1.9,534.18,82.8,0,5.57
TEST,1.9,528.51,82.3,0,5.57
TEST,1.9,534.18,82.8,0,5.57
TEST,1.9,528.95,82.8,0,5.57
TEST,1.9,530.67,82.8,0,5.57
TEST,1.9,526.92,83.3,0,5.57
TEST,1.9,529.79,82.8,0,5.57
TEST,1.9,537.3,82.3,0,5.57
TEST,1.9,539.92,83.8,0,5.57
TEST,1.9,539.71,82.3,0,5.57
TEST,1.9,534.18,83.3,0,5.57
TEST,1.9,529.54,82.8,0,5.57
TEST,1.9,522.59,82.8,0,5.57
TEST,1.9,535.89,82.8,0,5.57
TEST,1.9,532.01,82.3,0,5.57
TEST,1.9,525.48,84.2,0,5.57
TEST,1.9,528.7,82.3,0,5.57
TEST,1.9,536.81,83.3,0,5.57
TEST,1.9,526.26,83.3,0,5.57
TEST,1.9,536.49,82.8,0,5.57
TEST,1.9,529.2,83.3,0,5.57
TEST,1.9,537.57,83.3,0,5.57
TEST,1.9,536.24,83.3,0,5.57
TEST,1.9,538.67,83.8,0,5.57
TEST,1.9,531.23,82.3,0,5.57
TEST,1.9,532.93,83.3,0,5.57
TEST,1.9,538.54,83.3,0,5.57
TEST,1.9,523.9,83.3,0,5.57
TEST,1.9,528.99,83.8,0,5.57
TEST,1.9,533.73,83.3,0,5.57
TEST,1.9,533.07,83.3,0,5.57
TEST,1.9,532.05,82.3,0,5.57
TEST,1.8,545.28,82.8,0,5.57
TEST,1.9,532.86,83.3,0,5.57
TEST,1.9,529.46,83.8,0,5.57
TEST,1.9,534.84,83.3,0,5.57
TEST,1.9,536.48,83.8,0,5.57
TEST,1.9,537.52,82.8,0,5.57
TEST,1.9,533.06,82.8,0,5.57
TEST,1.9,535.77,82.8,0,5.57
TEST,1.9,529.52,83.3,0,5.57
TEST,1.9,531.82,83.3,0,5.57
TEST,1.9,523.66,83.8,0,5.57
TEST,1.9,532.81,82.3,0,5.57
TEST,1.9,528.85,82.8,0,5.57
TEST,1.9,531.33,83.8,0,5.57
TEST,1.9,528.26,83.3,0,5.57
TEST,1.9,533.24,83.3,0,5.57
TEST,1.9,530.95,84.2,0,5.57
TEST,1.9,533.83,81.8,0,5.57
TEST,1.8,543.36,82.3,0,5.57
TEST,1.9,536.78,82.8,0,5.57
TEST,1.9,529.56,83.3,0,5.57
TEST,1.9,535.79,82.8,0,5.57
TEST,1.9,530.07,82.8,0,5.57
TEST,1.9,539.14,83.3,0,5.57
TEST,1.9,532.58,83.3,0,5.57
TEST,1.9,536.07,82.8,0,5.57
TEST,1.9,529.66,82.8,0,5.57
TEST,1.9,537.15,83.3,0,5.57
TEST,1.9,533.0,83.3,0,5.57
TEST,1.9,527.48,83.8,0,5.57
TEST,1.8,542.96,82.3,0,5.57
TEST,1.9,537.07,82.8,0,5.57
TEST,1.9,531.91,83.8,0,5.57
TEST,1.9,527.27,82.8,0,5.57
TEST,1.9,531.69,82.8,0,5.57
TEST,1.8,541.12,82.3,0,5.57
TEST,1.9,535.78,82.8,0,5.57
TEST,1.9,535.72,82.8,0,5.57
TEST,1.9,532.15,83.8,0,5.57
TEST,1.8,546.55,82.8,0,5.57
TEST,1.9,522.07,83.8,0,5.57
TEST,1.8,546.44,82.8,0,5.57
TEST,1.9,531.95,82.8,0,5.57
TEST,1.8,550.8,83.3,0,5.57
TEST,1.9,531.48,83.3,0,5.57
TEST,1.9,539.67,82.8,0,5.57
TEST,1.9,527.62,83.3,0,5.57
TEST,1.9,524.13,83.3,0,5.57
TEST,1.9,532.52,84.7,0,5.57
TEST,1.8,553.27,84.2,0,5.57
TEST,1.9,525.7,82.3,0,5.57
TEST,1.9,536.19,83.3,0,5.57
TEST,1.9,527.2,82.3,0,5.57
TEST,1.9,529.82,82.8,0,5.57
TEST,1.9,524.64,83.3,0,5.57
TEST,1.9,535.16,82.8,0,5.57
TEST,1.9,535.26,83.8,0,5.57
TEST,1.8,544.42,83.3,0,5.57
TEST,1.9,525.34,82.8,0,5.57
TEST,1.9,538.84,82.3,0,5.57
TEST,1.9,520.31,82.3,0,5.57
TEST,1.9,528.03,84.2,0,5.57
TEST,1.9,521.67,83.3,0,5.57
TEST,1.9,530.79,83.8,0,5.57
TEST,1.9,535.0,82.3,0,5.57
TEST,1.9,536.68,83.3,0,5.57
TEST,1.9,523.6,82.8,0,5.57
TEST,1.9,528.77,83.3,0,5.57
TEST,1.9,523.56,82.3,0,5.57
TEST,1.9,533.82,82.8,0,5.57
TEST,1.9,532.83,82.8,0,5.57
TEST,1.9,529.59,82.3,0,5.57
TEST,1.9,531.16,82.8,0,5.57
TEST,1.9,527.12,83.3,0,5.57
TEST,1.9,533.17,82.3,0,5.57
TEST,1.9,534.05,83.8,0,5.57
TEST,1.9,521.48,81.8,0,5.57
TEST,1.9,534.36,83.3,0,5.57
TEST,1.9,531.19,82.3,0,5.57
TEST,1.9,522.67,82.8,0,5.57
TEST,1.9,533.79,83.8,0,5.57
TEST,1.9,527.89,83.3,0,5.57
TEST,1.9,528.28,82.8,0,5.57
TEST,1.9,527.97,83.3,0,5.57
TEST,1.9,536.57,82.8,0,5.57
TEST,1.9,529.9,82.3,0,5.57
TEST,1.9,529.23,82.8,0,5.57
TEST,1.9,526.59,83.3,0,5.57
TEST,1.8,541.59,81.8,0,5.57
TEST,1.9,536.52,82.8,0,5.57
TEST,1.9,535.66,83.3,0,5.57
TEST,1.9,539.8,82.8,0,5.57
TEST,1.9,531.6,82.3,0,5.57
TEST,1.9,526.39,82.3,0,5.57
TEST,1.9,534.36,83.8,0,5.57
TEST,1.9,533.45,83.3,0,5.57
TEST,1.9,540.32,82.8,0,5.57
TEST,1.9,525.54,82.3,0,5.57
TEST,1.9,538.37,82.8,0,5.57
TEST,1.9,521.5,83.3,0,5.57
TEST,1.9,519.87,82.8,0,5.57
TEST,1.9,536.57,83.8,0,5.57
TEST,1.9,520.81,83.3,0,5.57
TEST,1.9,539.61,82.3,0,5.57
TEST,1.9,531.21,82.8,0,5.57
TEST,1.8,541.58,82.8,0,5.57
TEST,1.9,532.73,82.8,0,5.57
TEST,1.9,526.9,83.3,0,5.57
TEST,1.9,532.42,82.3,0,5.57
TEST,1.9,532.88,83.3,0,5.57
TEST,1.9,524.28,82.8,0,5.57
TEST,1.9,534.36,82.8,0,5.57
TEST,1.9,529.62,82.8,0,5.57
TEST,1.9,525.81,83.3,0,5.57
TEST,1.9,531.91,83.3,0,5.57
TEST,1.9,532.3,82.3,0,5.57
TEST,1.9,529.59,83.8,0,5.57
TEST,1.9,531.34,83.3,0,5.57
TEST,1.8,542.35,82.3,0,5.57
TEST,1.9,534.12,83.3,0,5.57
TEST,1.8,541.06,83.3,0,5.57
TEST,1.9,523.62,83.8,0,5.57
TEST,1.9,528.95,83.8,0,5.57
TEST,1.9,539.63,84.2,0,5.57
TEST,1.9,537.24,82.8,0,5.57
TEST,1.9,530.77,83.8,0,5.57
TEST,1.9,538.25,82.8,0,5.57
TEST,1.9,527.22,83.8,0,5.57
TEST,1.9,531.17,83.8,0,5.57
TEST,1.9,530.5,84.2,0,5.57
TEST,1.9,539.07,83.8,0,5.57
TEST,1.9,533.48,82.8,0,5.57
TEST,1.9,534.24,81.8,0,5.57
TEST,1.9,528.54,81.8,0,5.57
TEST,1.9,528.16,83.3,0,5.57
TEST,1.9,535.2,82.8,0,5.57
TEST,1.9,532.98,82.8,0,5.57
TEST,1.8,544.08,82.3,0,5.57
TEST,1.9,533.41,82.8,0,5.57
TEST,1.8,545.76,82.8,0,5.57
TEST,1.9,531.82,83.3,0,5.57
TEST,1.9,526.37,83.8,0,5.57
TEST,1.9,529.44,82.3,0,5.57
TEST,1.9,528.27,83.8,0,5.57
TEST,1.8,545.03,82.8,0,5.57
TEST,1.9,527.72,83.8,0,5.57
TEST,1.9,540.28,83.3,0,5.57
TEST,1.9,529.62,83.3,0,5.57
TEST,1.9,523.5,83.3,0,5.57
TEST,1.9,531.43,84.2,0,5.57
TEST,1.9,534.99,83.8,0,5.57
TEST,1.9,528.63,83.3,0,5.57
TEST,1.9,539.19,83.8,0,5.57
TEST,1.9,535.82,83.3,0,5.57
TEST,1.9,537.85,82.8,0,5.57
TEST,1.8,543.08,82.8,0,5.57
TEST,1.9,536.93,83.3,0,5.57
TEST,1.8,542.71,82.8,0,5.57
TEST,1.9,531.26,82.8,0,5.57
TEST,1.9,531.11,82.3,0,5.57
TEST,1.9,534.08,82.8,0,5.57
TEST,1.8,543.26,81.8,0,5.57
TEST,1.9,537.13,83.3,0,5.57
TEST,1.9,538.38,82.8,0,5.57
TEST,1.9,526.04,83.3,0,5.57
TEST,1.9,526.37,82.8,0,5.57
TEST,1.9,537.7,83.8,0,5.57
TEST,1.9,539.84,83.8,0,5.57
TEST,1.9,533.39,82.3,0,5.57
TEST,1.8,544.0,81.8,0,5.57
TEST,1.9,526.68,83.3,0,5.57
TEST,1.9,538.66,83.8,0,5.57
TEST,1.9,526.53,84.2,0,5.57
TEST,1.9,539.64,82.8,0,5.57
TEST,1.9,531.4,83.8,0,5.57
TEST,1.9,531.93,83.8,0,5.57
TEST,1.9,533.89,84.2,0,5.57
TEST,1.9,539.67,82.3,0,5.57
TEST,1.9,531.34,82.8,0,5.57
TEST,1.9,533.5,83.8,0,5.57
TEST,1.9,535.23,82.8,0,5.57
TEST,1.9,538.81,83.3,0,5.57
TEST,1.9,533.21,84.2,0,5.57
TEST,1.8,541.59,84.2,0,5.57
TEST,1.9,532.43,82.8,0,5.57
TEST,1.9,533.8,83.3,0,5.57
TEST,1.8,550.22,83.3,0,5.57
TEST,1.9,536.76,82.8,0,5.57
TEST,1.9,530.84,83.8,0,5.57
TEST,1.8,543.78,82.8,0,5.57
TEST,1.8,544.27,82.3,0,5.57
TEST,1.9,530.8,83.3,0,5.57
TEST,1.9,528.62,83.8,0,5.57
TEST,1.9,533.67,82.8,0,5.57
TEST,1.9,535.33,82.8,0,5.57
TEST,1.9,538.25,83.8,0,5.57
TEST,1.9,540.46,82.8,0,5.57
TEST,1.9,537.67,82.8,0,5.57
TEST,1.9,532.58,83.3,0,5.57
TEST,1.9,533.83,83.8,0,5.57
TEST,1.9,531.18,83.8,0,5.57
TEST,1.8,550.04,84.2,0,5.57
TEST,1.9,537.47,84.2,0,5.57
TEST,1.8,542.87,83.3,0,5.57
TEST,1.8,544.2,83.8,0,5.57
TEST,1.9,534.46,81.8,0,5.57
TEST,1.9,525.34,83.8,0,5.57
TEST,1.9,537.71,83.3,0,5.57
TEST,1.9,539.02,83.3,0,5.57
TEST,1.8,546.7,82.8,0,5.57
TEST,1.9,538.22,83.3,0,5.57
TEST,1.9,531.83,83.8,0,5.57
TEST,1.9,533.2,82.3,0,5.57
TEST,1.9,534.82,82.3,0,5.57
TEST,1.9,530.79,82.8,0,5.57
TEST,1.9,533.44,81.8,0,5.57
TEST,1.9,532.02,83.3,0,5.57
TEST,1.9,538.47,83.3,0,5.57
TEST,1.9,537.89,82.3,0,5.57
TEST,1.9,539.04,83.8,0,5.57
TEST,1.9,539.41,82.8,0,5.57
TEST,1.8,558.86,82.3,0,5.57
TEST,1.8,540.94,83.8,0,5.57
TEST,1.8,545.2,84.2,0,5.57
TEST,1.9,537.86,83.3,0,5.57
TEST,1.9,533.45,83.3,0,5.57
TEST,1.9,538.06,82.8,0,5.57
TEST,1.9,528.53,82.8,0,5.57
TEST,1.9,535.74,83.3,0,5.57
TEST,1.9,532.47,83.8,0,5.57
TEST,1.8,545.65,82.3,0,5.57
TEST,1.9,532.65,83.8,0,5.57
TEST,1.9,533.4,82.3,0,5.57
TEST,1.9,537.32,83.3,0,5.57
TEST,1.8,544.45,83.3,0,5.57
TEST,1.8,540.81,82.3,0,5.57
TEST,1.9,537.66,82.3,0,5.57
TEST,1.9,529.68,83.3,0,5.57
TEST,1.8,541.29,83.8,0,5.57
TEST,1.8,543.14,83.3,0,5.57
TEST,1.9,535.0,82.3,0,5.57
TEST,1.9,538.8,83.8,0,5.57
TEST,1.9,540.3,83.3,0,5.57
TEST,1.8,545.06,83.3,0,5.57
TEST,1.9,540.01,83.3,0,5.57
TEST,1.9,537.04,83.8,0,5.57
TEST,1.9,534.4,82.8,0,5.57
TEST,1.9,540.53,83.3,0,5.57
TEST,1.9,521.67,82.8,0,5.57
TEST,1.9,538.34,83.8,0,5.57
TEST,1.9,536.95,83.3,0,5.57
TEST,1.8,542.14,83.3,0,5.57
TEST,1.9,534.88,83.3,0,5.57
TEST,1.9,527.68,83.3,0,5.57
TEST,1.8,541.4,82.8,0,5.57
TEST,1.9,533.04,82.8,0,5.57
TEST,1.9,536.67,83.3,0,5.57
TEST,1.9,537.44,83.3,0,5.57
TEST,1.9,532.76,84.2,0,5.57
TEST,1.9,536.72,82.3,0,5.57
TEST,1.8,542.5,82.8,0,5.57
TEST,1.8,551.49,83.3,0,5.57
TEST,1.8,544.03,82.8,0,5.57
TEST,1.9,536.8,83.3,0,5.57
TEST,1.9,539.68,82.8,0,5.57
TEST,1.9,539.93,83.8,0,5.57
TEST,1.8,542.83,82.8,0,5.57
TEST,1.9,539.59,81.8,0,5.57
TEST,1.9,527.17,83.3,0,5.57
TEST,1.8,542.58,83.8,0,5.57
TEST,1.9,526.95,84.2,0,5.57
TEST,1.9,532.6,83.3,0,5.57
TEST,1.8,547.24,83.3,0,5.57
TEST,1.9,535.83,82.3,0,5.57
TEST,1.9,538.19,82.3,0,5.57
TEST,1.8,549.22,82.8,0,5.57
TEST,1.8,543.11,82.8,0,5.57
TEST,1.8,547.7,82.8,0,5.57
TEST,1.9,527.43,83.3,0,5.57
TEST,1.8,541.6,83.8,0,5.57
TEST,1.9,539.6,82.8,0,5.57
TEST,1.8,540.95,83.3,0,5.57
TEST,1.8,543.13,82.8,0,5.57
TEST,1.9,535.02,82.3,0,5.57
TEST,1.9,537.91,83.3,0,5.57
TEST,1.8,542.38,83.3,0,5.57
TEST,1.9,537.96,83.8,0,5.57
TEST,1.8,541.46,82.8,0,5.57
TEST,1.8,547.2,83.3,0,5.57
TEST,1.9,540.37,83.8,0,5.57
TEST,1.9,537.3,83.8,0,5.57
TEST,1.9,540.24,83.3,0,5.57
TEST,1.9,538.44,83.3,0,5.57
TEST,1.8,541.7,82.8,0,5.57
TEST,1.9,533.93,83.3,0,5.57
TEST,1.9,540.33,83.3,0,5.57
TEST,1.9,533.16,83.3,0,5.57
TEST,1.8,546.82,83.3,0,5.57
TEST,1.8,542.79,84.2,0,5.57
TEST,1.8,545.47,83.3,0,5.57
TEST,1.9,534.75,83.3,0,5.57
TEST,1.9,537.01,82.8,0,5.57
TEST,1.8,551.46,83.8,0,5.57
TEST,1.8,542.17,85.2,0,5.57
TEST,1.9,524.8,83.8,0,5.57
TEST,1.8,545.09,84.2,0,5.57
TEST,1.8,548.98,82.8,0,5.57
TEST,1.9,531.94,83.3,0,5.57
TEST,1.8,545.93,83.8,0,5.57
TEST,1.8,547.76,83.3,0,5.57
TEST,1.9,540.04,83.8,0,5.57
TEST,1.8,550.96,82.8,0,5.57
TEST,1.9,539.43,82.3,0,5.57
TEST,1.8,541.9,83.8,0,5.57
TEST,1.9,536.93,83.8,0,5.57
TEST,1.9,534.8,83.8,0,5.57
TEST,1.9,537.63,82.8,0,5.57
TEST,1.8,545.71,83.8,0,5.57
TEST,1.9,539.1,84.2,0,5.57
TEST,1.8,547.5,83.3,0,5.57
TEST,1.9,530.22,83.8,0,5.57
TEST,1.9,536.81,84.2,0,5.57
TEST,1.9,538.92,83.3,0,5.57
TEST,1.8,548.28,83.3,0,5.57
TEST,1.8,541.86,82.8,0,5.57
TEST,1.9,533.04,84.2,0,5.57
TEST,1.8,547.6,83.3,0,5.57
TEST,1.8,544.19,83.3,0,5.57
TEST,1.9,537.89,83.8,0,5.57
TEST,1.9,536.39,82.3,0,5.57
TEST,1.9,536.65,83.8,0,5.57
TEST,1.9,537.45,83.3,0,5.57
TEST,1.9,533.56,83.8,0,5.57
TEST,1.9,526.49,83.8,0,5.57
TEST,1.8,552.59,83.3,0,5.57
TEST,1.8,543.95,84.2,0,5.57
TEST,1.9,532.28,83.3,0,5.57
TEST,1.8,544.99,83.8,0,5.57
TEST,1.8,547.86,83.8,0,5.57
TEST,1.9,531.46,83.8,0,5.57
TEST,1.9,538.73,82.8,0,5.57
TEST,1.9,539.93,83.8,0,5.57
TEST,1.8,547.8,83.3,0,5.57
TEST,1.8,544.93,83.3,0,5.57
TEST,1.8,542.77,84.2,0,5.57
TEST,1.8,555.45,83.3,0,5.57
TEST,1.9,528.17,82.8,0,5.57
TEST,1.9,538.85,83.3,0,5.57
TEST,1.9,537.07,82.8,0,5.57
TEST,1.9,535.87,83.3,0,5.57
TEST,1.9,536.52,84.7,0,5.57
TEST,1.8,546.38,82.3,0,5.57
TEST,1.8,544.5,83.8,0,5.57
TEST,1.8,542.84,82.8,0,5.57
TEST,1.9,536.37,82.8,0,5.57
TEST,1.9,538.35,83.8,0,5.57
TEST,1.8,541.65,83.3,0,5.57
TEST,1.8,545.1,83.8,0,5.57
TEST,1.9,535.05,82.3,0,5.57
TEST,1.9,530.44,83.8,0,5.57
TEST,1.9,536.88,83.3,0,5.57
TEST,1.9,537.96,83.3,0,5.57
TEST,1.9,530.47,82.8,0,5.57
TEST,1.8,541.5,83.8,0,5.57
TEST,1.8,543.42,83.3,0,5.57
TEST,1.9,535.85,83.8,0,5.57
TEST,1.8,541.11,84.2,0,5.57
TEST,1.8,542.56,83.3,0,5.57
TEST,1.9,539.0,84.2,0,5.57
TEST,1.9,539.99,82.8,0,5.57
TEST,1.8,543.17,83.3,0,5.57
TEST,1.8,545.18,82.8,0,5.57
TEST,1.8,549.31,83.8,0,5.57
TEST,1.8,543.68,82.3,0,5.57
TEST,1.8,543.4,83.8,0,5.57
TEST,1.9,537.49,83.8,0,5.57
TEST,1.9,534.99,83.8,0,5.57
TEST,1.9,534.9,83.3,0,5.57
TEST,1.9,540.3,82.8,0,5.57
TEST,1.8,542.12,83.8,0,5.57
TEST,1.9,536.38,83.8,0,5.57
TEST,1.9,535.49,84.2,0,5.57
TEST,1.8,541.12,83.3,0,5.57
TEST,1.8,545.93,82.8,0,5.57
TEST,1.9,534.69,82.8,0,5.57
TEST,1.8,551.72,82.3,0,5.57
TEST,1.8,542.22,83.3,0,5.57
TEST,1.8,541.13,83.3,0,5.57
TEST,1.9,539.84,83.8,0,5.57
TEST,1.9,537.56,83.8,0,5.57
TEST,1.8,542.56,83.3,0,5.57
TEST,1.9,533.57,83.8,0,5.57
TEST,1.9,534.91,83.8,0,5.57
TEST,1.9,540.44,83.3,0,5.57
TEST,1.9,535.92,82.8,0,5.57
TEST,1.8,550.31,82.8,0,5.57
TEST,1.9,537.23,82.8,0,5.57
TEST,1.9,538.52,83.3,0,5.57
TEST,1.8,542.79,82.8,0,5.57
TEST,1.9,535.9,82.3,0,5.57
TEST,1.8,545.45,83.8,0,5.57
TEST,1.8,541.9,83.3,0,5.57
TEST,1.8,547.04,83.3,0,5.57
TEST,1.9,536.02,82.8,0,5.57
TEST,1.9,537.98,83.3,0,5.57
TEST,1.9,534.36,83.8,0,5.57
TEST,1.8,540.58,83.8,0,5.57
TEST,1.8,540.88,83.3,0,5.57
TEST,1.9,539.07,83.8,0,5.57
TEST,1.8,542.7,83.3,0,5.57
TEST,1.9,540.32,83.8,0,5.57
TEST,1.8,544.88,82.8,0,5.57
TEST,1.9,533.78,83.8,0,5.57
TEST,1.8,545.1,83.8,0,5.57
TEST,1.9,537.22,83.3,0,5.57
TEST,1.8,549.77,83.3,0,5.57
TEST,1.8,545.2,83.3,0,5.57
TEST,1.9,535.65,83.8,0,5.57
TEST,1.9,532.11,83.3,0,5.57
TEST,1.8,546.33,82.8,0,5.57
TEST,1.8,542.45,83.3,0,5.57
TEST,1.8,540.72,83.3,0,5.57
TEST,1.9,532.84,83.3,0,5.57
TEST,1.8,545.48,83.3,0,5.57
TEST,1.9,531.66,82.8,0,5.57
TEST,1.9,538.26,84.2,0,5.57
TEST,1.9,539.9,83.3,0,5.57
TEST,1.8,544.37,83.8,0,5.57
TEST,1.8,546.66,82.8,0,5.57
TEST,1.8,542.07,83.3,0,5.57
TEST,1.8,540.83,84.2,0,5.57
TEST,1.8,545.24,83.8,0,5.57
TEST,1.8,546.28,83.3,0,5.57
TEST,1.9,537.16,82.3,0,5.57
TEST,1.9,537.78,83.8,0,5.57
TEST,1.9,532.98,83.3,0,5.57
TEST,1.9,539.93,83.3,0,5.57
TEST,1.8,542.09,83.8,0,5.57
TEST,1.8,546.24,83.3,0,5.57
TEST,1.9,536.99,83.8,0,5.57
TEST,1.8,546.42,83.8,0,5.57
TEST,1.8,549.83,83.3,0,5.57
TEST,1.9,533.51,83.8,0,5.57
TEST,1.8,548.66,82.8,0,5.57
TEST,1.9,540.03,83.3,0,5.57
TEST,1.8,541.68,84.2,0,5.57
TEST,1.9,539.71,83.3,0,5.57
TEST,1.8,541.05,83.8,0,5.57
TEST,1.9,533.6,83.8,0,5.57
TEST,1.8,552.54,84.2,0,5.57
TEST,1.8,546.51,82.8,0,5.57
TEST,1.8,540.77,81.8,0,5.57
TEST,1.9,534.88,84.2,0,5.57
TEST,1.9,535.9,83.3,0,5.57
TEST,1.8,545.48,82.8,0,5.57
TEST,1.9,537.49,84.2,0,5.57
TEST,1.9,537.46,83.8,0,5.57
TEST,1.8,545.81,83.8,0,5.57
TEST,1.8,545.35,83.8,0,5.57
TEST,1.8,547.25,82.8,0,5.57
TEST,1.8,543.91,83.3,0,5.57
TEST,1.8,549.62,82.8,0,5.57
TEST,1.9,532.27,83.8,0,5.57
TEST,1.8,553.36,83.3,0,5.57
TEST,1.9,538.95,83.3,0,5.57
TEST,1.8,546.23,82.8,0,5.57
TEST,1.8,540.95,83.8,0,5.57
TEST,1.8,543.95,83.3,0,5.57
TEST,1.9,539.6,83.8,0,5.57
TEST,1.8,549.58,82.8,0,5.57
TEST,1.8,541.45,82.8,0,5.57
TEST,1.9,539.78,84.2,0,5.57
TEST,1.9,538.37,83.3,0,5.57
TEST,1.8,545.74,83.8,0,5.57
TEST,1.9,539.56,82.3,0,5.57
TEST,1.8,543.26,82.8,0,5.57
TEST,1.9,540.25,83.3,0,5.57
TEST,1.9,538.19,83.8,0,5.57
TEST,1.8,543.26,83.3,0,5.57
TEST,1.8,544.26,82.8,0,5.57
TEST,1.8,546.46,83.8,0,5.57
TEST,1.9,539.48,82.8,0,5.57
TEST,1.9,539.62,83.8,0,5.57
TEST,1.9,536.06,83.3,0,5.57
TEST,1.8,542.57,84.2,0,5.57
TEST,1.8,541.36,82.3,0,5.57
TEST,1.9,535.37,83.3,0,5.57
TEST,1.9,537.65,83.3,0,5.57
TEST,1.9,540.22,83.8,0,5.57
TEST,1.9,538.84,82.8,0,5.57
TEST,1.8,542.84,83.3,0,5.57
TEST,1.8,542.97,83.8,0,5.57
TEST,1.9,539.59,82.8,0,5.57
TEST,1.8,544.7,83.8,0,5.57
TEST,1.9,530.31,83.3,0,5.57
TEST,1.8,543.66,83.3,0,5.57
TEST,1.8,545.39,84.2,0,5.57
TEST,1.8,544.78,83.8,0,5.57
TEST,1.9,530.55,83.8,0,5.57
TEST,1.9,529.62,83.3,0,5.57
TEST,1.9,529.9,83.3,0,5.57
TEST,1.8,541.97,83.8,0,5.57
TEST,1.9,536.8,82.8,0,5.57
TEST,1.9,534.11,83.3,0,5.57
TEST,1.9,529.85,83.3,0,5.57
TEST,1.8,542.95,83.3,0,5.57
TEST,1.9,535.86,83.8,0,5.57
TEST,1.9,538.99,83.8,0,5.57
TEST,1.8,544.83,82.8,0,5.57
TEST,1.9,533.34,83.3,0,5.57
TEST,1.9,537.98,83.3,0,5.57
TEST,1.9,536.61,83.3,0,5.57
TEST,1.9,539.56,82.8,0,5.57
TEST,1.9,536.78,83.8,0,5.57
TEST,1.8,543.32,83.3,0,5.57
TEST,1.9,533.03,83.8,0,5.57
TEST,1.9,532.14,83.8,0,5.57
TEST,1.8,540.66,83.8,0,5.57
TEST,1.9,538.27,83.3,0,5.57
TEST,1.8,540.55,82.8,0,5.57
TEST,1.8,542.52,83.3,0,5.57
TEST,1.9,524.66,83.3,0,5.57
TEST,1.8,543.29,83.3,0,5.57
TEST,1.8,540.86,83.3,0,5.57
TEST,1.9,536.22,82.3,0,5.57
TEST,1.9,537.73,82.8,0,5.57
TEST,1.9,535.75,83.8,0,5.57
TEST,1.9,539.71,83.8,0,5.57
TEST,1.8,543.21,83.8,0,5.57
TEST,1.8,541.71,83.8,0,5.57
TEST,1.9,529.41,82.8,0,5.57
TEST,1.8,541.65,83.3,0,5.57
TEST,1.8,542.41,83.3,0,5.57
TEST,1.8,549.3,83.3,0,5.57
TEST,1.9,539.76,82.3,0,5.57
TEST,1.9,533.94,82.8,0,5.57
TEST,1.9,540.1,83.8,0,5.57
TEST,1.8,547.91,83.3,0,5.57
TEST,1.8,545.61,82.8,0,5.57
TEST,1.9,536.81,84.2,0,5.57
TEST,1.8,541.75,83.3,0,5.57
TEST,1.9,534.14,82.8,0,5.57
TEST,1.9,536.69,83.8,0,5.57
TEST,1.8,546.1,82.8,0,5.57
TEST,1.8,543.31,83.8,0,5.57
TEST,1.8,544.39,83.3,0,5.57
TEST,1.8,551.31,82.8,0,5.57
TEST,1.8,544.29,82.8,0,5.57
TEST,1.9,534.89,83.3,0,5.57
TEST,1.8,542.16,83.3,0,5.57
TEST,1.9,532.92,82.8,0,5.57
TEST,1.9,534.9,83.8,0,5.57
TEST,1.8,546.24,83.3,0,5.57
TEST,1.8,541.85,83.3,0,5.57
TEST,1.8,547.69,82.8,0,5.57
TEST,1.8,546.68,83.8,0,5.57
TEST,1.8,545.21,82.8,0,5.57
TEST,1.8,544.09,82.3,0,5.57
TEST,1.9,538.23,83.3,0,5.57
TEST,1.8,541.78,82.8,0,5.57
TEST,1.8,541.74,83.3,0,5.57
TEST,1.9,533.25,83.3,0,5.57
TEST,1.9,538.91,83.8,0,5.57
TEST,1.9,531.82,82.8,0,5.57
TEST,1.9,534.53,83.8,0,5.57
TEST,1.8,545.53,83.3,0,5.57
TEST,1.8,545.18,83.3,0,5.57
TEST,1.9,528.87,83.3,0,5.57
TEST,1.8,544.52,83.3,0,5.57
TEST,1.9,539.07,83.3,0,5.57
TEST,1.8,542.78,83.3,0,5.57
TEST,1.8,553.89,83.3,0,5.57
TEST,1.9,540.2,82.8,0,5.57
TEST,1.8,544.52,83.3,0,5.57
TEST,1.9,538.28,82.8,0,5.57
TEST,1.9,536.48,82.3,0,5.57
TEST,1.8,543.11,82.8,0,5.57
TEST,1.8,547.7,83.8,0,5.57
TEST,1.8,544.98,83.3,0,5.57
TEST,1.8,545.88,83.3,0,5.57
TEST,1.8,542.61,83.3,0,5.57
TEST,1.8,542.41,83.8,0,5.57
TEST,1.8,545.86,82.8,0,5.57
TEST,1.9,539.87,83.3,0,5.57
TEST,1.9,539.58,83.3,0,5.57
TEST,1.8,541.2,82.8,0,5.57
TEST,1.8,544.52,83.8,0,5.57
TEST,1.8,552.38,82.3,0,5.57
TEST,1.8,553.11,83.8,0,5.57
TEST,1.8,541.89,83.3,0,5.57
TEST,1.9,537.64,84.2,0,5.57
TEST,1.8,546.45,83.8,0,5.57
TEST,1.9,535.8,83.8,0,5.57
TEST,1.9,538.92,83.8,0,5.57
TEST,1.8,542.34,84.2,0,5.57
TEST,1.9,536.02,83.8,0,5.57
TEST,1.8,544.36,83.3,0,5.57
TEST,1.9,539.77,84.2,0,5.57
TEST,1.9,536.2,83.8,0,5.57
TEST,1.8,542.93,82.8,0,5.57
TEST,1.8,541.58,82.8,0,5.57
TEST,1.9,531.25,83.3,0,5.57
TEST,1.8,548.84,82.8,0,5.57
TEST,1.9,540.47,83.3,0,5.57
TEST,1.8,543.73,83.8,0,5.57
TEST,1.8,543.26,83.8,0,5.57
TEST,1.9,536.27,82.8,0,5.57
TEST,1.9,537.96,83.3,0,5.57
TEST,1.8,545.13,83.3,0,5.57
TEST,1.9,538.28,82.8,0,5.57
TEST,1.8,541.95,83.3,0,5.57
TEST,1.9,537.08,83.8,0,5.57
TEST,1.8,548.13,84.2,0,5.57
TEST,1.8,543.52,83.3,0,5.57
TEST,1.9,538.02,83.8,0,5.57
TEST,1.9,539.95,84.2,0,5.57
TEST,1.9,536.06,83.8,0,5.57
TEST,1.8,541.35,83.3,0,5.57
TEST,1.8,540.91,83.8,0,5.57
TEST,1.9,535.61,83.8,0,5.57
TEST,1.9,536.39,83.3,0,5.57
TEST,1.8,541.38,83.3,0,5.57
TEST,1.9,538.58,83.8,0,5.57
TEST,1.8,543.82,83.3,0,5.57
TEST,1.8,544.78,84.2,0,5.57
TEST,1.8,549.04,83.3,0,5.57
TEST,1.9,535.93,84.2,0,5.57
TEST,1.8,545.22,83.8,0,5.57
TEST,1.9,533.76,83.3,0,5.57
TEST,1.9,539.9,83.8,0,5.57
TEST,1.9,537.47,83.3,0,5.57
TEST,1.8,552.47,82.8,0,5.57
TEST,1.8,544.31,83.3,0,5.57
TEST,1.9,539.25,83.3,0,5.57
TEST,1.8,545.21,83.8,0,5.57
TEST,1.8,548.52,83.3,0,5.57
TEST,1.9,539.18,83.3,0,5.57
TEST,1.8,547.49,83.8,0,5.57
TEST,1.8,546.13,82.8,0,5.57
TEST,1.9,537.04,83.3,0,5.57
TEST,1.8,541.74,83.8,0,5.57
TEST,1.9,540.27,82.8,0,5.57
TEST,1.9,539.14,83.3,0,5.57
TEST,1.8,546.68,83.8,0,5.57
TEST,1.8,541.48,83.8,0,5.57
TEST,1.8,553.34,84.2,0,5.57
TEST,1.8,546.41,84.7,0,5.57
TEST,1.9,533.36,83.3,0,5.57
TEST,1.8,541.78,83.8,0,5.57
TEST,1.8,550.08,84.2,0,5.57
TEST,1.8,543.78,83.8,0,5.57
TEST,1.8,545.14,82.3,0,5.57
TEST,1.8,544.77,83.3,0,5.57
TEST,1.8,548.69,83.8,0,5.57
TEST,1.8,543.48,82.3,0,5.57
TEST,1.8,549.44,83.8,0,5.57
TEST,1.8,546.24,82.8,0,5.57
TEST,1.8,546.93,82.8,0,5.57
TEST,1.9,536.07,83.3,0,5.57
TEST,1.8,545.13,83.8,0,5.57
TEST,1.9,536.63,82.8,0,5.57
TEST,1.9,539.45,83.8,0,5.57
TEST,1.8,546.58,83.8,0,5.57
TEST,1.9,534.28,83.3,0,5.57
TEST,1.9,535.84,83.8,0,5.57
TEST,1.8,552.02,82.8,0,5.57
TEST,1.9,535.08,83.8,0,5.57
TEST,1.8,543.95,84.2,0,5.57
TEST,1.8,543.84,84.7,0,5.57
TEST,1.8,540.97,84.2,0,5.57
TEST,1.8,546.69,84.2,0,5.57
TEST,1.8,544.9,82.8,0,5.57
TEST,1.9,539.23,83.3,0,5.57
TEST,1.8,546.39,83.3,0,5.57
TEST,1.8,552.16,83.8,0,5.57
TEST,1.9,540.42,82.8,0,5.57
TEST,1.8,545.1,83.8,0,5.57
TEST,1.9,538.34,84.2,0,5.57
TEST,1.8,542.97,83.3,0,5.57
TEST,1.9,530.29,83.3,0,5.57
TEST,1.8,543.96,82.8,0,5.57
TEST,1.8,542.69,84.2,0,5.57
TEST,1.9,534.41,82.8,0,5.57
TEST,1.9,538.08,82.8,0,5.57
TEST,1.9,539.26,84.2,0,5.57
TEST,1.8,543.63,83.3,0,5.57
TEST,1.8,546.46,83.3,0,5.57
TEST,1.8,557.07,84.2,0,5.57
TEST,1.9,533.36,84.2,0,5.57
TEST,1.8,547.85,83.3,0,5.57
TEST,1.9,536.72,83.3,0,5.57
TEST,1.9,536.47,83.3,0,5.57
TEST,1.9,539.92,83.3,0,5.57
TEST,1.8,548.35,83.3,0,5.57
TEST,1.9,540.12,82.8,0,5.57
TEST,1.8,551.43,83.8,0,5.57
TEST,1.8,545.32,82.8,0,5.57
TEST,1.9,537.8,84.2,0,5.57
TEST,1.9,537.64,83.3,0,5.57
TEST,1.8,544.62,82.8,0,5.57
TEST,1.9,536.35,82.8,0,5.57
TEST,1.9,534.47,83.8,0,5.57
TEST,1.8,548.56,83.8,0,5.57
TEST,1.8,549.39,82.8,0,5.57
TEST,1.8,542.7,83.8,0,5.57
TEST,1.9,537.19,83.3,0,5.57
TEST,1.9,536.58,83.8,0,5.57
TEST,1.8,540.89,83.3,0,5.57
TEST,1.9,540.29,83.8,0,5.57
TEST,1.8,543.74,81.8,0,5.57
TEST,1.8,546.37,83.3,0,5.57
TEST,1.8,548.18,83.3,0,5.57
TEST,1.8,541.51,83.8,0,5.57
TEST,1.8,544.32,84.2,0,5.57
TEST,1.8,544.97,83.3,0,5.57
TEST,1.9,539.53,83.3,0,5.57
TEST,1.8,547.44,83.3,0,5.57
TEST,1.8,550.0,83.3,0,5.57
TEST,1.8,541.33,84.2,0,5.57
TEST,1.8,544.7,82.8,0,5.57
TEST,1.8,552.43,82.8,0,5.57
TEST,1.9,539.74,83.8,0,5.57
TEST,1.9,536.83,83.8,0,5.57
TEST,1.8,540.8,82.8,0,5.57
TEST,1.9,533.9,84.2,0,5.57
TEST,1.8,545.3,82.8,0,5.57
TEST,1.8,545.72,83.8,0,5.57
TEST,1.9,539.56,82.8,0,5.57
TEST,1.8,542.96,83.8,0,5.57
TEST,1.9,538.24,83.8,0,5.57
TEST,1.8,544.81,83.3,0,5.57
TEST,1.9,540.54,83.8,0,5.57
TEST,1.8,543.66,82.8,0,5.57
TEST,1.8,545.92,83.8,0,5.57
TEST,1.8,547.79,83.8,0,5.57
TEST,1.8,543.46,82.8,0,5.57
TEST,1.8,544.72,84.2,0,5.57
TEST,1.8,546.12,83.3,0,5.57
TEST,1.8,545.24,83.3,0,5.57
TEST,1.8,543.35,83.3,0,5.57
TEST,1.9,533.85,83.3,0,5.57
TEST,1.8,548.29,83.3,0,5.57
TEST,1.8,543.28,82.3,0,5.57
TEST,1.8,552.19,82.8,0,5.57
TEST,1.8,545.13,83.8,0,5.57
TEST,1.8,540.84,83.3,0,5.57
TEST,1.9,540.14,84.7,0,5.57
TEST,1.8,543.4,83.8,0,5.57
TEST,1.9,540.24,83.3,0,5.57
TEST,1.9,531.29,83.8,0,5.57
TEST,1.9,538.77,82.8,0,5.57
TEST,1.8,543.89,83.3,0,5.57
TEST,1.9,538.71,82.3,0,5.57
TEST,1.8,543.91,83.8,0,5.57
TEST,1.8,542.53,83.3,0,5.57
TEST,1.9,539.56,83.3,0,5.57
TEST,1.8,542.24,84.2,0,5.57
TEST,1.8,545.07,82.8,0,5.57
TEST,1.8,541.49,82.8,0,5.57
TEST,1.8,551.9,83.8,0,5.57
TEST,1.9,534.1,84.2,0,5.57
TEST,1.8,543.92,83.8,0,5.57
TEST,1.8,541.99,84.2,0,5.57
TEST,1.8,544.77,84.2,0,5.57
TEST,1.8,551.72,83.3,0,5.57
TEST,1.9,535.42,83.3,0,5.57
TEST,1.8,544.46,82.8,0,5.57
TEST,1.9,539.14,83.3,0,5.57
TEST,1.8,545.81,84.2,0,5.57
TEST,1.8,554.95,83.3,0,5.57
TEST,1.8,541.6,82.8,0,5.57
TEST,1.9,534.52,83.8,0,5.57
TEST,1.9,539.09,83.3,0,5.57
TEST,1.8,540.94,83.3,0,5.57
TEST,1.9,533.45,83.8,0,5.57
TEST,1.9,539.67,83.8,0,5.57
TEST,1.9,539.9,83.3,0,5.57
TEST,1.9,536.29,83.3,0,5.57
TEST,1.8,546.3,83.8,0,5.57
TEST,1.8,544.87,82.8,0,5.57
TEST,1.9,536.59,83.3,0,5.57
TEST,1.8,545.03,84.2,0,5.57
TEST,1.9,534.66,83.3,0,5.57
TEST,1.8,545.39,83.8,0,5.57
TEST,1.8,544.91,83.3,0,5.57
TEST,1.8,546.98,83.8,0,5.57
TEST,1.9,536.9,83.3,0,5.57
TEST,1.8,541.44,83.3,0,5.57
TEST,1.8,540.74,83.3,0,5.57
TEST,1.8,549.14,83.3,0,5.57
TEST,1.8,547.79,82.8,0,5.57
TEST,1.8,543.67,84.7,0,5.57
TEST,1.8,554.56,83.3,0,5.57
TEST,1.9,536.12,84.7,0,5.57
TEST,1.9,535.67,82.8,0,5.57
TEST,1.8,542.72,83.8,0,5.57
TEST,1.8,547.78,82.8,0,5.57
TEST,1.8,549.23,82.3,0,5.57
TEST,1.9,537.45,82.8,0,5.57
TEST,1.8,545.59,83.3,0,5.57
TEST,1.9,533.3,83.8,0,5.57
TEST,1.8,549.43,83.3,0,5.57
TEST,1.9,533.93,83.3,0,5.57
TEST,1.8,548.72,84.7,0,5.57
TEST,1.9,537.0,83.8,0,5.57
TEST,1.8,542.15,84.2,0,5.57
TEST,1.8,541.42,83.3,0,5.57
TEST,1.8,547.21,83.3,0,5.57
TEST,1.8,550.69,84.2,0,5.57
TEST,1.8,551.6,83.3,0,5.57
TEST,1.9,536.44,83.8,0,5.57
TEST,1.9,538.69,84.2,0,5.57
TEST,1.8,556.39,83.8,0,5.57
TEST,1.8,551.67,83.3,0,5.57
TEST,1.8,546.45,82.3,0,5.57
TEST,1.9,537.26,82.8,0,5.57
TEST,1.9,538.52,83.8,0,5.57
TEST,1.8,547.35,84.2,0,5.57
TEST,1.8,546.57,83.3,0,5.57
TEST,1.8,548.28,83.8,0,5.57
TEST,1.8,549.63,82.8,0,5.57
TEST,1.9,539.66,84.2,0,5.57
TEST,1.9,535.83,83.8,0,5.57
TEST,1.8,550.3,84.2,0,5.57
TEST,1.8,546.4,82.8,0,5.57
TEST,1.8,553.53,84.2,0,5.57
TEST,1.8,544.83,82.8,0,5.57
TEST,1.8,542.29,83.3,0,5.57
TEST,1.8,549.58,84.2,0,5.57
TEST,1.9,539.97,83.3,0,5.57
TEST,1.8,541.47,82.8,0,5.57
TEST,1.8,541.01,84.2,0,5.57
TEST,1.8,541.98,82.8,0,5.57
TEST,1.8,550.23,84.2,0,5.57
TEST,1.9,536.84,84.2,0,5.57
TEST,1.9,538.43,83.3,0,5.57
TEST,1.8,546.79,82.8,0,5.57
TEST,1.8,545.35,83.8,0,5.57
TEST,1.8,541.66,83.8,0,5.57
TEST,1.8,548.28,83.3,0,5.57
TEST,1.8,543.9,83.3,0,5.57
TEST,1.8,543.13,83.3,0,5.57
TEST,1.8,544.95,83.3,0,5.57
TEST,1.8,546.42,84.2,0,5.57
TEST,1.8,543.04,83.3,0,5.57
TEST,1.7,587.74,83.3,0,5.57
TEST,1.9,539.93,84.2,0,5.57
TEST,1.8,546.56,83.8,0,5.57
TEST,1.9,532.35,84.7,0,5.57
TEST,1.8,555.39,83.3,0,5.57
TEST,1.9,539.95,82.8,0,5.57
TEST,1.9,539.14,82.8,0,5.57
TEST,1.8,549.83,83.8,0,5.57
TEST,1.8,541.88,83.8,0,5.57
TEST,1.8,548.06,83.3,0,5.57
TEST,1.9,535.03,83.3,0,5.57
TEST,1.8,543.87,83.8,0,5.57
TEST,1.8,540.97,83.3,0,5.57
TEST,1.8,555.34,84.7,0,5.57
TEST,1.8,548.72,83.3,0,5.57
TEST,1.8,548.02,83.3,0,5.57
TEST,1.9,538.8,84.2,0,5.57
TEST,1.8,540.54,84.2,0,5.57
TEST,1.8,547.78,83.3,0,5.57
TEST,1.8,547.84,83.8,0,5.57
TEST,1.8,550.25,82.8,0,5.57
TEST,1.8,555.0,84.2,0,5.57
TEST,1.8,547.2,83.3,0,5.57
TEST,1.8,552.36,83.8,0,5.57
TEST,1.8,557.49,83.3,0,5.57
TEST,1.8,544.41,83.8,0,5.57
TEST,1.8,544.94,83.3,0,5.57
TEST,1.8,554.74,83.8,0,5.57
TEST,1.8,548.36,83.8,0,5.57
TEST,1.8,541.72,84.2,0,5.57
TEST,1.8,541.3,84.2,0,5.57
TEST,1.8,543.93,84.7,0,5.57
TEST,1.8,540.65,83.3,0,5.57
TEST,1.8,548.31,83.3,0,5.57
TEST,1.8,559.04,83.3,0,5.57
TEST,1.8,544.24,82.8,0,5.57
TEST,1.8,542.88,83.8,0,5.57
TEST,1.8,546.12,83.3,0,5.57
TEST,1.8,548.11,84.2,0,5.57
TEST,1.9,535.52,83.8,0,5.57
TEST,1.8,547.23,83.8,0,5.57
TEST,1.8,543.07,83.3,0,5.57
TEST,1.8,546.03,83.8,0,5.57
TEST,1.8,550.61,84.2,0,5.57
TEST,1.9,537.49,82.8,0,5.57
TEST,1.9,536.25,82.8,0,5.57
TEST,1.8,544.76,84.2,0,5.57
TEST,1.8,540.81,84.7,0,5.57
TEST,1.8,542.9,84.2,0,5.57
TEST,1.9,539.71,84.2,0,5.57
TEST,1.8,550.74,84.2,0,5.57
TEST,1.8,553.8,83.8,0,5.57
TEST,1.8,555.52,84.2,0,5.57
TEST,1.8,548.96,83.3,0,5.57
TEST,1.8,549.15,83.3,0,5.57
TEST,1.8,552.52,83.3,0,5.57
TEST,1.8,543.22,83.3,0,5.57
TEST,1.8,549.92,82.3,0,5.57
TEST,1.8,549.75,84.2,0,5.57
TEST,1.8,552.99,83.8,0,5.57
TEST,1.8,551.81,83.8,0,5.57
TEST,1.8,547.29,82.8,0,5.57
TEST,1.8,546.12,83.8,0,5.57
TEST,1.8,546.48,83.3,0,5.57
TEST,1.8,546.04,83.3,0,5.57
TEST,1.9,538.82,84.2,0,5.57
TEST,1.8,544.15,83.8,0,5.57
TEST,1.9,536.31,83.3,0,5.57
TEST,1.8,554.36,83.3,0,5.57
TEST,1.8,550.2,83.3,0,5.57
TEST,1.8,544.37,83.8,0,5.57
TEST,1.8,555.54,84.2,0,5.57
TEST,1.8,549.78,84.7,0,5.57
TEST,1.8,545.63,83.3,0,5.57
TEST,1.8,544.2,83.3,0,5.57
TEST,1.9,540.23,83.3,0,5.57
TEST,1.9,537.87,83.3,0,5.57
TEST,1.8,544.76,84.2,0,5.57
TEST,1.8,545.84,83.3,0,5.57
TEST,1.8,548.83,83.8,0,5.57
TEST,1.8,555.22,84.7,0,5.57
TEST,1.8,547.09,83.3,0,5.57
TEST,1.8,540.81,83.3,0,5.57
TEST,1.8,565.93,83.3,0,5.57
TEST,1.8,564.26,85.2,0,5.57
TEST,1.8,545.67,83.3,0,5.57
TEST,1.8,546.69,82.3,0,5.57
TEST,1.8,548.6,83.8,0,5.57
TEST,1.7,595.39,82.8,0,5.57
TEST,1.8,542.0,84.7,0,5.57
TEST,1.8,542.34,82.8,0,5.57
TEST,1.9,540.47,84.2,0,5.57
TEST,1.7,587.3,83.8,0,5.57
TEST,1.8,543.64,83.8,0,5.57
TEST,1.8,559.13,82.8,0,5.57
TEST,1.8,545.32,84.7,0,5.57
TEST,1.8,546.15,83.3,0,5.57
TEST,1.9,539.44,83.8,0,5.57
TEST,1.8,551.03,84.2,0,5.57
TEST,1.8,545.63,83.3,0,5.57
TEST,1.8,549.93,84.7,0,5.57
TEST,1.8,547.81,84.2,0,5.57
TEST,1.8,542.15,84.2,0,5.57
TEST,1.9,537.99,83.3,0,5.57
TEST,1.8,552.41,84.2,0,5.57
TEST,1.8,554.82,83.8,0,5.57
TEST,1.8,546.28,83.3,0,5.57
TEST,1.8,542.52,83.8,0,5.57
TEST,1.8,547.69,82.8,0,5.57
TEST,1.8,563.18,83.8,0,5.57
TEST,1.9,539.16,83.3,0,5.57
TEST,1.8,548.31,83.8,0,5.57
TEST,1.8,545.33,83.8,0,5.57
TEST,1.8,540.77,83.8,0,5.57
TEST,1.8,543.17,84.2,0,5.57
TEST,1.8,561.2,83.8,0,5.57
TEST,1.8,545.39,84.2,0,5.57
TEST,1.8,545.5,84.2,0,5.57
TEST,1.8,546.36,84.7,0,5.57
TEST,1.9,538.96,84.2,0,5.57
TEST,1.8,546.66,83.3,0,5.57
TEST,1.9,537.51,83.8,0,5.57
TEST,1.8,551.17,84.2,0,5.57
TEST,1.8,556.53,82.8,0,5.57
TEST,1.9,539.26,83.8,0,5.57
TEST,1.8,547.26,82.8,0,5.57
TEST,1.8,546.27,83.8,0,5.57
TEST,1.9,539.69,83.3,0,5.57
TEST,1.8,543.07,84.7,0,5.57
TEST,1.8,554.53,83.8,0,5.57
TEST,1.8,548.41,84.2,0,5.57
TEST,1.8,551.39,83.8,0,5.57
TEST,1.8,545.17,83.3,0,5.57
TEST,1.8,544.44,84.2,0,5.57
TEST,1.7,578.42,83.3,0,5.57
TEST,1.8,546.46,83.8,0,5.57
TEST,1.8,554.45,83.3,0,5.57
TEST,1.9,539.51,83.8,0,5.57
TEST,1.8,551.26,83.8,0,5.57
TEST,1.9,536.15,83.8,0,5.57
TEST,1.8,546.75,82.8,0,5.57
TEST,1.8,549.49,83.8,0,5.57
TEST,1.8,554.03,83.3,0,5.57
TEST,1.8,544.63,83.3,0,5.57
TEST,1.8,550.87,83.3,0,5.57
TEST,1.8,540.96,84.2,0,5.57
TEST,1.8,542.56,84.2,0,5.57
TEST,1.8,549.59,83.3,0,5.57
TEST,1.8,554.81,84.2,0,5.57
TEST,1.8,543.65,83.3,0,5.57
TEST,1.8,542.73,83.3,0,5.57
TEST,1.8,550.93,83.8,0,5.57
TEST,1.8,544.01,82.8,0,5.57
TEST,1.8,541.38,84.2,0,5.57
TEST,1.9,535.5,82.8,0,5.57
TEST,1.8,544.31,83.3,0,5.57
TEST,1.8,546.2,83.3,0,5.57
TEST,1.8,551.08,83.8,0,5.57
TEST,1.8,555.31,83.8,0,5.57
TEST,1.8,545.14,84.2,0,5.57
TEST,1.8,548.44,84.2,0,5.57
TEST,1.8,545.72,83.8,0,5.57
TEST,1.8,549.27,84.2,0,5.57
TEST,1.8,550.18,83.8,0,5.57
TEST,1.9,538.26,83.8,0,5.57
TEST,1.8,553.95,82.8,0,5.57
TEST,1.8,547.14,83.8,0,5.57
TEST,1.9,539.93,83.3,0,5.57
TEST,1.8,559.68,83.8,0,5.57
TEST,1.8,549.14,84.2,0,5.57
TEST,1.9,539.26,83.3,0,5.57
TEST,1.8,541.89,84.2,0,5.57
TEST,1.8,559.0,82.8,0,5.57
TEST,1.8,555.57,83.3,0,5.57
TEST,1.8,550.37,84.2,0,5.57
TEST,1.8,541.13,84.2,0,5.57
TEST,1.8,540.69,83.3,0,5.57
TEST,1.9,536.2,83.8,0,5.57
TEST,1.8,545.26,83.3,0,5.57
TEST,1.8,548.91,83.8,0,5.57
TEST,1.8,544.64,83.3,0,5.57
TEST,1.8,540.8,83.8,0,5.57
TEST,1.8,544.42,83.3,0,5.57
TEST,1.8,552.18,84.2,0,5.57
TEST,1.8,548.35,83.8,0,5.57
TEST,1.8,549.94,83.8,0,5.57
TEST,1.8,542.59,83.3,0,5.57
TEST,1.8,542.28,83.3,0,5.57
TEST,1.8,543.22,83.8,0,5.57
TEST,1.8,550.98,83.8,0,5.57
TEST,1.8,544.27,84.2,0,5.57
TEST,1.8,547.62,83.8,0,5.57
TEST,1.8,541.18,82.8,0,5.57
TEST,1.8,545.66,83.3,0,5.57
TEST,1.9,527.27,83.3,0,5.57
TEST,1.8,553.97,83.3,0,5.57
TEST,1.8,546.06,84.2,0,5.57
TEST,1.8,544.5,82.3,0,5.57
TEST,1.9,536.12,83.3,0,5.57
TEST,1.8,542.0,83.3,0,5.57
TEST,1.8,550.68,82.8,0,5.57
TEST,1.9,539.43,83.3,0,5.57
TEST,1.8,541.93,83.8,0,5.57
TEST,1.8,546.96,82.3,0,5.57
TEST,1.9,538.29,83.8,0,5.57
TEST,1.8,541.81,82.8,0,5.57
TEST,1.8,541.53,83.3,0,5.57
TEST,1.8,547.38,82.8,0,5.57
TEST,1.9,536.5,83.8,0,5.57
TEST,1.8,541.26,84.2,0,5.57
TEST,1.9,537.81,83.3,0,5.57
TEST,1.9,537.4,82.3,0,5.57
TEST,1.8,541.89,82.8,0,5.57
TEST,1.8,545.57,82.8,0,5.57
TEST,1.9,539.78,83.8,0,5.57
TEST,1.9,535.35,83.8,0,5.57
TEST,1.8,543.61,84.2,0,5.57
TEST,1.9,535.57,82.8,0,5.57
TEST,1.9,532.02,83.3,0,5.57
TEST,1.9,540.0,83.8,0,5.57
TEST,1.9,538.27,82.8,0,5.57
TEST,1.8,542.86,83.8,0,5.57
TEST,1.8,545.81,82.8,0,5.57
TEST,1.8,541.96,82.3,0,5.57
TEST,1.8,541.88,82.8,0,5.57
TEST,1.9,538.97,82.8,0,5.57
TEST,1.8,545.57,83.3,0,5.57
TEST,1.9,539.38,83.3,0,5.57
TEST,1.9,531.38,82.8,0,5.57
TEST,1.9,530.99,84.2,0,5.57
TEST,1.8,543.0,83.3,0,5.57
TEST,1.9,539.6,83.8,0,5.57
TEST,1.8,547.5,84.2,0,5.57
TEST,1.8,545.61,82.8,0,5.57
TEST,1.8,543.28,83.3,0,5.57
TEST,1.9,539.1,84.2,0,5.57
TEST,1.8,548.64,82.8,0,5.57
TEST,1.8,540.57,84.2,0,5.57
TEST,1.9,536.16,82.3,0,5.57
TEST,1.8,543.08,82.8,0,5.57
TEST,1.8,546.7,83.3,0,5.57
TEST,1.8,544.11,83.8,0,5.57
TEST,1.8,544.16,83.8,0,5.57
TEST,1.9,527.49,83.3,0,5.57
TEST,1.8,542.56,83.3,0,5.57
TEST,1.8,543.81,82.3,0,5.57
TEST,1.8,541.92,83.8,0,5.57
TEST,1.8,540.85,83.8,0,5.57
TEST,1.9,539.95,82.8,0,5.57
TEST,1.9,528.98,83.8,0,5.57
TEST,1.8,540.76,83.3,0,5.57
TEST,1.8,541.98,84.2,0,5.57
TEST,1.9,540.19,83.8,0,5.57
TEST,1.9,532.68,83.3,0,5.57
TEST,1.8,543.93,84.2,0,5.57
TEST,1.8,543.97,83.3,0,5.57
TEST,1.9,527.8,83.3,0,5.57
TEST,1.9,538.17,83.3,0,5.57
TEST,1.8,541.64,82.3,0,5.57
TEST,1.9,538.68,82.8,0,5.57
TEST,1.8,544.0,83.8,0,5.57
TEST,1.8,541.88,82.8,0,5.57
TEST,1.9,535.83,83.3,0,5.57
TEST,1.9,535.6,83.3,0,5.57
TEST,1.8,542.19,83.8,0,5.57
TEST,1.9,529.07,83.8,0,5.57
TEST,1.9,538.43,81.8,0,5.57
TEST,1.9,531.85,82.8,0,5.57
TEST,1.9,538.89,83.3,0,5.57
TEST,1.9,538.02,82.8,0,5.57
TEST,1.9,531.34,82.8,0,5.57
TEST,1.8,541.92,83.8,0,5.57
TEST,1.8,542.37,82.8,0,5.57
TEST,1.8,540.79,83.8,0,5.57
TEST,1.9,528.27,83.8,0,5.57
TEST,1.9,539.1,83.8,0,5.57
TEST,1.9,540.33,83.8,0,5.57
TEST,1.9,533.58,83.3,0,5.57
TEST,1.9,535.92,83.3,0,5.57
TEST,1.9,538.08,84.2,0,5.57
TEST,1.9,536.4,83.3,0,5.57
TEST,1.9,534.26,82.8,0,5.57
TEST,1.9,537.5,83.3,0,5.57
TEST,1.9,532.07,83.8,0,5.57
TEST,1.9,533.02,83.8,0,5.57
TEST,1.9,524.47,83.8,0,5.57
TEST,1.9,538.67,82.8,0,5.57
TEST,1.9,523.33,82.8,0,5.57
TEST,1.9,534.86,83.8,0,5.57
TEST,1.8,551.81,82.8,0,5.57
TEST,1.9,540.29,83.3,0,5.57
TEST,1.9,537.76,83.3,0,5.57
TEST,1.9,537.1,83.8,0,5.57
TEST,1.9,533.58,83.3,0,5.57
TEST,1.9,534.67,83.8,0,5.57
TEST,1.9,524.64,82.8,0,5.57
TEST,1.9,539.78,83.8,0,5.57
TEST,1.9,536.67,83.3,0,5.57
TEST,1.9,538.27,83.3,0,5.57
TEST,1.9,539.07,83.3,0,5.57
TEST,1.9,531.95,83.3,0,5.57
TEST,1.9,539.61,82.8,0,5.57
TEST,1.9,534.88,83.3,0,5.57
TEST,1.9,533.35,83.8,0,5.57
TEST,1.9,530.72,83.3,0,5.57
TEST,1.8,546.24,83.8,0,5.57
TEST,1.8,549.22,83.3,0,5.57
TEST,1.9,540.39,82.3,0,5.57
TEST,1.9,537.72,82.8,0,5.57
TEST,1.9,536.12,83.3,0,5.57
TEST,1.8,548.05,83.3,0,5.57
TEST,1.9,535.77,83.3,0,5.57
TEST,1.9,539.21,82.8,0,5.57
TEST,1.8,544.89,82.3,0,5.57
TEST,1.9,536.56,83.3,0,5.57
TEST,1.9,538.96,83.8,0,5.57
TEST,1.9,538.5,82.8,0,5.57
TEST,1.9,534.82,83.8,0,5.57
TEST,1.9,540.08,83.8,0,5.57
TEST,1.8,550.22,83.3,0,5.57
TEST,1.9,537.08,83.8,0,5.57
TEST,1.9,528.19,83.3,0,5.57
TEST,1.8,541.79,83.8,0,5.57
TEST,1.9,535.23,82.8,0,5.57
TEST,1.9,540.23,82.3,0,5.57
TEST,1.8,544.23,83.3,0,5.57
TEST,1.9,537.92,82.8,0,5.57
TEST,1.9,535.85,82.3,0,5.57
TEST,1.9,537.65,83.8,0,5.57
TEST,1.8,544.42,83.3,0,5.57
TEST,1.8,541.08,82.8,0,5.57
TEST,1.8,545.95,83.8,0,5.57
TEST,1.9,537.33,82.3,0,5.57
TEST,1.9,536.64,83.3,0,5.57
TEST,1.9,537.78,83.8,0,5.57
TEST,1.9,538.63,83.3,0,5.57
TEST,1.9,540.12,82.8,0,5.57
TEST,1.9,536.18,83.3,0,5.57
TEST,1.8,554.16,83.8,0,5.57
TEST,1.8,541.06,83.8,0,5.57
TEST,1.9,537.26,84.2,0,5.57
TEST,1.8,547.46,82.8,0,5.57
TEST,1.9,535.73,83.3,0,5.57
TEST,1.9,536.26,84.2,0,5.57
TEST,1.8,548.11,83.3,0,5.57
TEST,1.8,546.86,83.3,0,5.57
TEST,1.8,543.79,82.8,0,5.57
TEST,1.9,539.15,83.3,0,5.57
TEST,1.9,540.53,83.8,0,5.57
TEST,1.8,542.8,83.8,0,5.57
TEST,1.8,544.09,82.8,0,5.57
TEST,1.9,533.35,82.8,0,5.57
TEST,1.8,543.67,83.8,0,5.57
TEST,1.9,535.76,82.8,0,5.57
TEST,1.9,535.55,82.8,0,5.57
TEST,1.9,538.23,82.3,0,5.57
TEST,1.9,538.59,83.8,0,5.57
TEST,1.8,549.49,83.3,0,5.57
TEST,1.8,543.92,83.3,0,5.57
TEST,1.9,538.98,83.8,0,5.57
TEST,1.8,543.03,82.8,0,5.57
TEST,1.9,536.7,83.8,0,5.57
TEST,1.9,539.3,83.3,0,5.57
TEST,1.8,542.3,83.3,0,5.57
TEST,1.9,531.66,84.2,0,5.57
TEST,1.8,543.3,82.8,0,5.57
TEST,1.8,551.37,83.3,0,5.57
TEST,1.9,539.16,83.3,0,5.57
TEST,1.9,539.99,83.3,0,5.57
TEST,1.8,544.85,83.3,0,5.57
TEST,1.8,543.95,82.8,0,5.57
TEST,1.8,545.35,82.8,0,5.57
TEST,1.8,543.54,83.3,0,5.57
TEST,1.9,536.78,82.8,0,5.57
TEST,1.8,546.49,83.3,0,5.57
TEST,1.9,538.65,82.3,0,5.57
TEST,1.9,535.92,83.8,0,5.57
TEST,1.8,544.67,83.8,0,5.57
TEST,1.8,544.69,83.3,0,5.57
TEST,1.9,534.19,83.3,0,5.57
TEST,1.8,541.52,82.8,0,5.57
TEST,1.9,534.81,84.7,0,5.57
TEST,1.8,548.69,82.8,0,5.57
TEST,1.8,543.33,83.3,0,5.57
TEST,1.8,553.98,84.2,0,5.57
TEST,1.9,539.64,84.2,0,5.57
TEST,1.8,543.49,82.8,0,5.57
TEST,1.8,553.81,82.8,0,5.57
TEST,1.8,543.36,83.3,0,5.57
TEST,1.9,539.6,83.8,0,5.57
TEST,1.8,542.68,82.8,0,5.57
TEST,1.9,539.89,82.8,0,5.57
TEST,1.8,553.08,83.3,0,5.57
TEST,1.8,542.94,83.8,0,5.57
TEST,1.9,538.94,83.3,0,5.57
TEST,1.8,550.47,83.3,0,5.57
TEST,1.8,543.31,81.8,0,5.57
TEST,1.8,545.21,83.8,0,5.57
TEST,1.9,540.07,83.3,0,5.57
TEST,1.8,544.04,83.8,0,5.57
TEST,1.8,541.93,82.8,0,5.57
TEST,1.9,536.58,83.3,0,5.57
TEST,1.8,548.34,84.2,0,5.57
TEST,1.8,550.03,83.8,0,5.57
TEST,1.8,543.47,83.3,0,5.57
TEST,1.8,540.56,83.8,0,5.57
TEST,1.8,542.17,83.3,0,5.57
TEST,1.8,542.89,83.8,0,5.57
TEST,1.8,544.54,83.8,0,5.57
TEST,1.8,542.04,83.8,0,5.57
TEST,1.9,536.97,84.2,0,5.57
TEST,1.8,547.23,83.8,0,5.57
TEST,1.9,534.78,83.3,0,5.57
TEST,1.8,544.54,84.2,0,5.57
TEST,1.8,542.57,83.3,0,5.57
TEST,1.8,556.98,84.2,0,5.57
TEST,1.9,537.28,84.2,0,5.57
TEST,1.8,550.41,83.8,0,5.57
TEST,1.9,540.1,83.3,0,5.57
TEST,1.8,545.05,83.8,0,5.57
TEST,1.8,546.85,82.8,0,5.57
TEST,1.8,549.6,83.3,0,5.57
TEST,1.9,535.15,84.2,0,5.57
TEST,1.8,543.84,83.3,0,5.57
TEST,1.8,542.74,84.2,0,5.57
TEST,1.8,540.87,82.3,0,5.57
TEST,1.8,541.44,82.8,0,5.57
TEST,1.9,535.43,84.2,0,5.57
TEST,1.8,552.42,83.8,0,5.57
TEST,1.8,541.27,82.3,0,5.57
TEST,1.8,541.72,83.3,0,5.57
TEST,1.8,543.39,83.3,0,5.57
TEST,1.8,540.63,83.3,0,5.57
TEST,1.8,548.48,83.8,0,5.57
TEST,1.9,539.19,84.7,0,5.57
TEST,1.8,544.0,82.8,0,5.57
TEST,1.8,547.72,83.3,0,5.57
TEST,1.7,599.24,81.3,0,5.57
TEST,1.9,538.36,83.8,0,5.57
TEST,1.9,534.33,83.8,0,5.57
TEST,1.8,547.21,82.8,0,5.57
TEST,1.9,540.33,83.3,0,5.57
TEST,1.8,545.49,82.8,0,5.57
TEST,1.8,550.73,83.8,0,5.57
TEST,1.9,535.62,82.8,0,5.57
TEST,1.8,546.8,83.3,0,5.57
TEST,1.8,540.88,83.3,0,5.57
TEST,1.9,538.45,83.3,0,5.57
TEST,1.8,553.0,83.3,0,5.57
TEST,1.9,539.53,83.8,0,5.57
TEST,1.8,547.76,82.8,0,5.57
TEST,1.9,537.38,83.8,0,5.57
TEST,1.8,546.21,83.3,0,5.57
TEST,1.8,544.9,84.2,0,5.57
TEST,1.9,536.64,83.3,0,5.57
TEST,1.9,539.99,83.3,0,5.57
TEST,1.8,541.98,83.8,0,5.57
TEST,1.9,540.37,84.2,0,5.57
TEST,1.8,545.99,83.3,0,5.57
TEST,1.8,545.73,84.2,0,5.57
TEST,1.8,543.02,83.8,0,5.57
TEST,1.8,543.38,84.2,0,5.57
TEST,1.9,539.49,83.8,0,5.57
TEST,1.8,549.92,82.8,0,5.57
TEST,1.8,546.31,83.8,0,5.57
TEST,1.9,537.58,84.2,0,5.57
TEST,1.8,545.31,83.8,0,5.57
TEST,1.8,544.25,84.2,0,5.57
TEST,1.8,546.39,82.8,0,5.57
TEST,1.8,549.82,83.3,0,5.57
TEST,1.8,552.76,84.7,0,5.57
TEST,1.8,546.56,83.3,0,5.57
TEST,1.8,548.02,84.2,0,5.57
TEST,1.9,538.52,83.8,0,5.57
TEST,1.8,543.86,83.3,0,5.57
TEST,1.9,529.73,84.7,0,5.57
TEST,1.8,556.68,83.3,0,5.57
TEST,1.8,550.26,84.2,0,5.57
TEST,1.8,547.38,83.3,0,5.57
TEST,1.8,545.19,82.8,0,5.57
TEST,1.9,540.11,83.3,0,5.57
TEST,1.9,529.58,84.2,0,5.57
TEST,1.8,558.2,83.3,0,5.57
TEST,1.8,545.13,84.7,0,5.57
TEST,1.9,537.51,83.8,0,5.57
TEST,1.8,554.75,83.8,0,5.57
TEST,1.9,538.1,83.8,0,5.57
TEST,1.8,548.9,83.3,0,5.57
TEST,1.8,548.35,83.8,0,5.57
TEST,1.8,555.37,83.8,0,5.57
TEST,1.8,542.59,83.3,0,5.57
TEST,1.8,554.38,83.8,0,5.57
TEST,1.8,541.61,82.8,0,5.57
TEST,1.8,541.17,84.7,0,5.57
TEST,1.8,541.46,83.3,0,5.57
TEST,1.9,530.81,83.8,0,5.57
TEST,1.8,542.72,83.3,0,5.57
TEST,1.8,540.82,83.8,0,5.57
TEST,1.8,552.19,83.3,0,5.57
TEST,1.8,551.1,83.8,0,5.57
TEST,1.9,534.34,83.3,0,5.57
TEST,1.8,544.69,83.3,0,5.57
TEST,1.8,557.31,83.3,0,5.57
TEST,1.8,548.64,82.8,0,5.57
TEST,1.8,549.35,83.3,0,5.57
TEST,1.8,543.78,83.8,0,5.57
TEST,1.8,544.01,83.8,0,5.57
TEST,1.8,545.46,83.8,0,5.57
TEST,1.8,542.88,83.3,0,5.57
TEST,1.9,539.53,83.3,0,5.57
TEST,1.8,542.78,83.8,0,5.57
TEST,1.9,537.49,83.3,0,5.57
TEST,1.8,549.15,83.3,0,5.57
TEST,1.8,541.45,84.2,0,5.57
TEST,1.8,548.04,83.3,0,5.57
TEST,1.8,549.03,83.8,0,5.57
TEST,1.8,543.11,84.2,0,5.57
TEST,1.8,545.68,83.8,0,5.57
TEST,1.8,549.96,83.3,0,5.57
TEST,1.8,550.16,83.8,0,5.57
TEST,1.8,552.71,83.8,0,5.57
TEST,1.8,543.4,84.2,0,5.57
TEST,1.8,549.83,83.3,0,5.57
TEST,1.8,542.9,84.2,0,5.57
TEST,1.8,553.56,83.8,0,5.57
TEST,1.8,548.16,83.8,0,5.57
TEST,1.8,546.85,82.8,0,5.57
TEST,1.8,548.57,83.8,0,5.57
TEST,1.8,549.11,83.3,0,5.57
TEST,1.8,542.69,83.3,0,5.57
TEST,1.8,549.5,83.3,0,5.57
TEST,1.9,536.47,83.8,0,5.57
TEST,1.8,558.22,83.8,0,5.57
TEST,1.8,541.21,83.8,0,5.57
TEST,1.9,538.7,83.3,0,5.57
TEST,1.8,543.46,82.8,0,5.57
TEST,1.8,545.26,83.3,0,5.57
TEST,1.9,537.76,84.2,0,5.57
TEST,1.8,546.7,83.8,0,5.57
TEST,1.8,544.75,84.2,0,5.57
TEST,1.8,541.8,83.3,0,5.57
TEST,1.8,541.58,82.8,0,5.57
TEST,1.9,532.54,83.3,0,5.57
TEST,1.8,543.99,83.8,0,5.57
TEST,1.8,547.6,82.8,0,5.57
TEST,1.8,542.36,83.8,0,5.57
TEST,1.9,538.57,84.2,0,5.57
TEST,1.8,549.08,83.3,0,5.57
TEST,1.9,528.97,83.8,0,5.57
TEST,1.9,534.57,83.3,0,5.57
TEST,1.8,541.56,83.8,0,5.57
TEST,1.9,537.14,82.8,0,5.57
TEST,1.8,547.16,83.3,0,5.57
TEST,1.8,541.03,84.2,0,5.57
TEST,1.8,555.09,83.3,0,5.57
TEST,1.9,527.35,84.2,0,5.57
TEST,1.9,534.68,82.8,0,5.57
TEST,1.8,541.91,82.3,0,5.57
TEST,1.9,534.27,82.8,0,5.57
TEST,1.9,537.02,83.8,0,5.57
TEST,1.9,536.09,83.3,0,5.57
TEST,1.8,553.7,83.3,0,5.57
TEST,1.9,537.75,82.3,0,5.57
TEST,1.9,533.55,82.8,0,5.57
TEST,1.9,527.96,82.8,0,5.57
TEST,1.9,537.07,84.2,0,5.57
TEST,1.9,539.35,83.3,0,5.57
TEST,1.9,537.44,83.3,0,5.57
TEST,1.9,540.22,83.3,0,5.57
TEST,1.9,534.41,83.3,0,5.57
TEST,1.9,537.48,83.3,0,5.57
TEST,1.8,548.36,83.3,0,5.57
TEST,1.8,542.49,83.8,0,5.57
TEST,1.9,537.7,82.3,0,5.57
TEST,1.8,544.59,82.8,0,5.57
TEST,1.9,537.62,83.8,0,5.57
TEST,1.8,543.08,83.3,0,5.57
TEST,1.9,537.34,82.3,0,5.57
TEST,1.8,546.79,82.8,0,5.57
TEST,1.9,533.92,83.8,0,5.57
TEST,1.8,542.48,83.8,0,5.57
TEST,1.8,540.71,83.8,0,5.57
TEST,1.9,534.92,83.8,0,5.57
TEST,1.9,537.35,83.8,0,5.57
TEST,1.8,544.01,82.3,0,5.57
TEST,1.9,529.32,83.8,0,5.57
TEST,1.8,546.98,83.8,0,5.57
TEST,1.8,542.02,83.8,0,5.57
TEST,1.8,551.17,83.3,0,5.57
TEST,1.9,531.52,83.3,0,5.57
TEST,1.9,538.17,84.2,0,5.57
TEST,1.8,550.51,84.7,0,5.57
TEST,1.9,538.32,84.2,0,5.57
TEST,1.9,527.87,83.8,0,5.57
TEST,1.7,585.19,83.3,0,5.57
TEST,1.9,536.95,83.3,0,5.57
TEST,1.8,541.36,84.7,0,5.57
TEST,1.8,543.12,83.3,0,5.57
TEST,1.8,549.74,83.8,0,5.57
TEST,1.8,549.38,83.8,0,5.57
TEST,1.8,541.53,83.3,0,5.57
TEST,1.8,548.38,83.8,0,5.57
TEST,1.9,539.79,83.8,0,5.57
TEST,1.8,549.54,82.3,0,5.57
TEST,1.8,543.82,82.8,0,5.57
TEST,1.9,539.62,83.3,0,5.57
TEST,1.9,539.9,84.7,0,5.57
TEST,1.8,541.73,83.3,0,5.57
TEST,1.9,538.21,83.3,0,5.57
TEST,1.8,547.34,84.2,0,5.57
TEST,1.9,536.28,83.8,0,5.57
TEST,1.9,540.4,83.3,0,5.57
TEST,1.8,540.85,83.3,0,5.57
TEST,1.9,534.87,83.8,0,5.57
TEST,1.8,546.66,82.8,0,5.57
TEST,1.9,539.12,83.8,0,5.57
TEST,1.8,544.6,84.2,0,5.57
TEST,1.8,542.59,83.8,0,5.57
TEST,1.9,537.38,84.2,0,5.57
TEST,1.8,542.7,83.3,0,5.57
TEST,1.8,545.76,83.3,0,5.57
TEST,1.8,547.64,83.3,0,5.57
TEST,1.8,566.57,83.8,0,5.57
TEST,1.8,543.26,83.8,0,5.57
TEST,1.8,549.71,82.3,0,5.57
TEST,1.8,541.71,82.8,0,5.57
TEST,1.8,547.13,82.8,0,5.57
TEST,1.9,535.2,82.8,0,5.57
TEST,1.9,538.81,83.3,0,5.57
TEST,1.8,544.09,83.3,0,5.57
TEST,1.8,542.95,83.8,0,5.57
TEST,1.9,535.41,84.2,0,5.57
TEST,1.8,543.68,83.8,0,5.57
TEST,1.8,552.98,84.2,0,5.57
TEST,1.8,545.69,83.3,0,5.57
TEST,1.8,542.38,82.8,0,5.57
TEST,1.9,540.33,83.3,0,5.57
TEST,1.8,544.16,84.2,0,5.57
TEST,1.9,538.3,83.8,0,5.57
TEST,1.8,550.43,82.8,0,5.57
TEST,1.9,534.92,83.8,0,5.57
TEST,1.8,553.93,83.8,0,5.57
TEST,1.9,536.55,82.3,0,5.57
TEST,1.9,540.41,83.8,0,5.57
TEST,1.9,539.44,84.2,0,5.57
TEST,1.9,535.21,83.3,0,5.57
TEST,1.8,540.91,83.8,0,5.57
TEST,1.9,539.99,83.8,0,5.57
TEST,1.9,535.49,84.2,0,5.57
TEST,1.8,546.79,83.3,0,5.57
TEST,1.8,546.48,84.2,0,5.57
TEST,1.8,541.07,83.8,0,5.57
TEST,1.8,542.76,84.2,0,5.57
TEST,1.9,536.1,83.8,0,5.57
TEST,1.9,538.71,84.2,0,5.57
TEST,1.8,550.23,83.8,0,5.57
TEST,1.8,546.26,83.3,0,5.57
TEST,1.8,544.52,83.8,0,5.57
TEST,1.8,546.7,82.8,0,5.57
TEST,1.8,548.2,83.3,0,5.57
TEST,1.8,548.0,83.3,0,5.57
TEST,1.9,539.24,83.8,0,5.57
TEST,1.8,541.47,82.8,0,5.57
TEST,1.9,539.75,83.3,0,5.57
TEST,1.9,538.61,83.8,0,5.57
TEST,1.8,543.32,83.3,0,5.57
TEST,1.9,539.99,83.8,0,5.57
TEST,1.9,539.26,83.3,0,5.57
TEST,1.9,539.79,84.2,0,5.57
TEST,1.8,543.57,84.7,0,5.57
TEST,1.8,547.44,83.8,0,5.57
TEST,1.8,546.12,83.3,0,5.57
TEST,1.9,537.64,83.8,0,5.57
TEST,1.9,539.63,83.3,0,5.57
TEST,1.8,542.85,82.8,0,5.57
TEST,1.9,539.02,84.2,0,5.57
TEST,1.8,547.98,82.8,0,5.57
TEST,1.8,542.47,83.3,0,5.57
TEST,1.8,549.69,83.3,0,5.57
TEST,1.9,540.32,83.3,0,5.57
TEST,1.8,550.09,83.3,0,5.57
TEST,1.8,544.64,83.3,0,5.57
TEST,1.8,546.19,84.2,0,5.57
TEST,1.8,550.81,84.2,0,5.57
TEST,1.8,543.13,83.3,0,5.57
TEST,1.8,546.7,82.8,0,5.57
TEST,1.8,544.55,83.3,0,5.57
TEST,1.8,547.71,83.3,0,5.57
TEST,1.8,546.08,83.3,0,5.57
TEST,1.8,543.01,83.3,0,5.57
TEST,1.8,547.91,84.2,0,5.57
TEST,1.8,542.8,82.8,0,5.57
TEST,1.8,543.94,83.8,0,5.57
TEST,1.9,540.49,83.3,0,5.57
TEST,1.8,544.95,83.8,0,5.57
TEST,1.8,546.34,82.8,0,5.57
TEST,1.8,554.11,83.8,0,5.57
TEST,1.8,543.32,83.3,0,5.57
TEST,1.8,551.63,82.8,0,5.57
TEST,1.8,547.89,83.8,0,5.57
TEST,1.8,541.78,82.8,0,5.57
TEST,1.8,546.07,83.8,0,5.57
TEST,1.8,544.4,83.3,0,5.57
TEST,1.9,537.59,83.8,0,5.57
TEST,1.8,544.19,83.3,0,5.57
TEST,1.9,537.83,83.8,0,5.57
TEST,1.8,541.23,83.3,0,5.57
TEST,1.9,537.7,84.2,0,5.57
TEST,1.9,534.34,83.8,0,5.57
TEST,1.8,545.76,83.3,0,5.57
TEST,1.8,551.86,83.8,0,5.57
TEST,1.9,537.08,83.8,0,5.57
TEST,1.9,540.06,83.3,0,5.57
TEST,1.8,544.51,83.3,0,5.57
TEST,1.9,538.69,83.3,0,5.57
TEST,1.9,539.32,83.8,0,5.57
TEST,1.9,538.19,82.8,0,5.57
TEST,1.8,547.13,83.8,0,5.57
TEST,1.8,543.61,83.3,0,5.57
TEST,1.8,554.0,83.8,0,5.57
TEST,1.9,536.6,83.8,0,5.57
TEST,1.8,544.0,83.3,0,5.57
TEST,1.9,538.5,84.7,0,5.57
TEST,1.8,544.09,84.7,0,5.57
TEST,1.8,550.99,84.2,0,5.57
TEST,1.8,551.17,84.2,0,5.57
TEST,1.8,545.55,82.8,0,5.57
TEST,1.8,543.43,83.3,0,5.57
TEST,1.8,547.55,84.2,0,5.57
TEST,1.8,554.96,82.3,0,5.57
TEST,1.8,544.05,83.3,0,5.57
TEST,1.8,545.36,83.3,0,5.57
TEST,1.8,549.03,84.2,0,5.57
TEST,1.8,543.25,83.8,0,5.57
TEST,1.8,555.59,83.3,0,5.57
TEST,1.8,540.84,83.3,0,5.57
TEST,1.9,539.88,83.8,0,5.57
TEST,1.8,551.23,82.8,0,5.57
TEST,1.8,540.82,83.3,0,5.57
TEST,1.8,544.61,83.3,0,5.57
TEST,1.8,544.81,83.3,0,5.57
TEST,1.8,549.02,82.8,0,5.57
TEST,1.8,553.78,83.3,0,5.57
TEST,1.9,538.47,82.3,0,5.57
TEST,1.8,553.13,83.8,0,5.57
TEST,1.9,537.18,83.8,0,5.57
TEST,1.8,552.82,82.8,0,5.57
TEST,1.8,547.97,84.2,0,5.57
TEST,1.8,543.75,84.2,0,5.57
TEST,1.8,544.72,83.8,0,5.57
TEST,1.8,550.15,84.2,0,5.57
TEST,1.8,548.67,82.8,0,5.57
TEST,1.8,540.91,82.8,0,5.57
TEST,1.8,541.36,83.8,0,5.57
TEST,1.8,540.89,83.3,0,5.57
